#
# A fatal error has been detected by the Java Runtime Environment:
#
#  SIGSEGV (0xb) at pc=0x0000000114224e93, pid=22961, tid=80179
#
# JRE version: OpenJDK Runtime Environment (11.0.3+7) (build 11.0.3+7)
# Java VM: OpenJDK 64-Bit Server VM (11.0.3+7, mixed mode, tiered, compressed oops, g1 gc, bsd-amd64)
# Problematic frame:
# C  [libawt_lwawt.dylib+0x1be93]  OGLSD_SetScratchSurface+0x1f
#
# No core dump will be written. Core dumps have been disabled. To enable core dumping, try "ulimit -c unlimited" before starting Java again
#
# If you would like to submit a bug report, please visit:
#   https://github.com/AdoptOpenJDK/openjdk-build/issues
# The crash happened outside the Java Virtual Machine in native code.
# See problematic frame for where to report the bug.
#

---------------  S U M M A R Y ------------

Command Line: CPUEmulatorMain

Host: Mac15,7 x86_64 2400 MHz, 12 cores, 36G, Darwin 23.4.0
Time: Sat Aug 10 18:59:56 2024 CST elapsed time: 8667 seconds (0d 2h 24m 27s)

---------------  T H R E A D  ---------------

Current thread (0x00007faeb48bc000):  JavaThread "Java2D Queue Flusher" daemon [_thread_in_native, id=80179, stack(0x000000030edce000,0x000000030eece000)]

Stack: [0x000000030edce000,0x000000030eece000],  sp=0x000000030eecd8c0,  free space=1022k
Native frames: (J=compiled Java code, A=aot compiled Java code, j=interpreted, Vv=VM code, C=native code)
C  [libawt_lwawt.dylib+0x1be93]  OGLSD_SetScratchSurface+0x1f
C  [libawt_lwawt.dylib+0x41577]  Java_sun_java2d_opengl_OGLRenderQueue_flushBuffer+0x643
J 2669  sun.java2d.opengl.OGLRenderQueue.flushBuffer(JI)V java.desktop@11.0.3 (0 bytes) @ 0x0000000126a3bbfa [0x0000000126a3bb40+0x00000000000000ba]
J 2665 c1 sun.java2d.opengl.OGLRenderQueue.flushBuffer()V java.desktop@11.0.3 (41 bytes) @ 0x000000011f962c9c [0x000000011f962b80+0x000000000000011c]
J 4143% c1 sun.java2d.opengl.OGLRenderQueue$QueueFlusher.run()V java.desktop@11.0.3 (234 bytes) @ 0x000000011fc7dba4 [0x000000011fc7d520+0x0000000000000684]
j  java.lang.Thread.run()V+11 java.base@11.0.3
v  ~StubRoutines::call_stub
V  [libjvm.dylib+0x3b1e4b]  JavaCalls::call_helper(JavaValue*, methodHandle const&, JavaCallArguments*, Thread*)+0x27d
V  [libjvm.dylib+0x3b11e2]  JavaCalls::call_virtual(JavaValue*, Klass*, Symbol*, Symbol*, JavaCallArguments*, Thread*)+0x12a
V  [libjvm.dylib+0x3b12a2]  JavaCalls::call_virtual(JavaValue*, Handle, Klass*, Symbol*, Symbol*, Thread*)+0x6a
V  [libjvm.dylib+0x435de4]  thread_entry(JavaThread*, Thread*)+0x77
V  [libjvm.dylib+0x71b166]  JavaThread::thread_main_inner()+0x7e
V  [libjvm.dylib+0x71900f]  Thread::call_run()+0x4f
V  [libjvm.dylib+0x60beab]  thread_native_entry(Thread*)+0x12f
C  [libsystem_pthread.dylib+0x618b]  _pthread_start+0x63
C  [libsystem_pthread.dylib+0x1ae3]  thread_start+0xf

Java frames: (J=compiled Java code, j=interpreted, Vv=VM code)
J 2669  sun.java2d.opengl.OGLRenderQueue.flushBuffer(JI)V java.desktop@11.0.3 (0 bytes) @ 0x0000000126a3bb88 [0x0000000126a3bb40+0x0000000000000048]
J 2665 c1 sun.java2d.opengl.OGLRenderQueue.flushBuffer()V java.desktop@11.0.3 (41 bytes) @ 0x000000011f962c9c [0x000000011f962b80+0x000000000000011c]
J 4143% c1 sun.java2d.opengl.OGLRenderQueue$QueueFlusher.run()V java.desktop@11.0.3 (234 bytes) @ 0x000000011fc7dba4 [0x000000011fc7d520+0x0000000000000684]
j  java.lang.Thread.run()V+11 java.base@11.0.3
v  ~StubRoutines::call_stub

siginfo: si_signo: 11 (SIGSEGV), si_code: 1 (SEGV_MAPERR), si_addr: 0x0000000000000002

Register to memory mapping:

RAX=0x000000011424a54f: Java_sun_java2d_opengl_OGLRenderQueue_flushBuffer+0x61b in /Library/Java/JavaVirtualMachines/adoptopenjdk-11.jdk/Contents/Home/lib/libawt_lwawt.dylib at 0x0000000114209000
RBX=0x00007faeb5d7fe10 points into unknown readable memory: 5a 00 00 00 49 00 00 00
RCX=0x0000000000000047 is an unknown value
RDX=0x00007faeb5d7fe00 points into unknown readable memory: 5a 00 00 00 47 00 00 00
RSP=0x000000030eecd8c0 is pointing into the stack for thread: 0x00007faeb48bc000
RBP=0x000000030eecd8f0 is pointing into the stack for thread: 0x00007faeb48bc000
RSI=0x00007faeb42f22c0 points into unknown readable memory: 00 00 00 00 00 00 00 10
RDI=0x00007faeb48bc340 points into unknown readable memory: f0 33 20 15 01 00 00 00
R8 =0x0000000000000c1f is an unknown value
R9 =0xffffffff00000000 is an unknown value
R10=0x0000000126a3bb88 is at entry_point+72 in (nmethod*)0x0000000126a3b990
R11=0x0000000000000200 is an unknown value
R12=0x00007faeb5d7fe08 points into unknown readable memory: c0 22 2f b4 ae 7f 00 00
R13=0x00007faeb5d7fe20 points into unknown readable memory: 0f 00 00 00 00 80 8f c2
R14=0x0000000000000002 is an unknown value
R15=0x00007faeb48bc340 points into unknown readable memory: f0 33 20 15 01 00 00 00


Registers:
RAX=0x000000011424a54f, RBX=0x00007faeb5d7fe10, RCX=0x0000000000000047, RDX=0x00007faeb5d7fe00
RSP=0x000000030eecd8c0, RBP=0x000000030eecd8f0, RSI=0x00007faeb42f22c0, RDI=0x00007faeb48bc340
R8 =0x0000000000000c1f, R9 =0xffffffff00000000, R10=0x0000000126a3bb88, R11=0x0000000000000200
R12=0x00007faeb5d7fe08, R13=0x00007faeb5d7fe20, R14=0x0000000000000002, R15=0x00007faeb48bc340
RIP=0x0000000114224e93, EFLAGS=0x0000000000000203, ERR=0x0000000000000004
  TRAPNO=0x000000000000000e

Top of Stack: (sp=0x000000030eecd8c0)
0x000000030eecd8c0:   000000011424a54f 00007faeb5d7fe10
0x000000030eecd8d0:   00007faeb5d7fe08 00007faeb5d7fe20
0x000000030eecd8e0:   000000000000000f 00007faeb42f22c0
0x000000030eecd8f0:   000000030eecd970 000000011424a577
0x000000030eecd900:   000000030eecd900 0000000114e36969
0x000000030eecd910:   000000030eecd930 0000000114e369b7
0x000000030eecd920:   000000030eecd930 0000000114e36969
0x000000030eecd930:   000000030eecd940 0000000014e36949
0x000000030eecd940:   00007faeb48bc340 000000015d8c0c68
0x000000030eecd950:   0000000000000000 00000005c03be300
0x000000030eecd960:   000000000000000f 00007faeb48bc000
0x000000030eecd970:   000000030eecd9c0 0000000126a3bbfa
0x000000030eecd980:   00000005c07e9698 0000000114b29035
0x000000030eecd990:   0000000300000005 00007faeb48bc000
0x000000030eecd9a0:   000000030eecdc01 00007faeb437c9c0
0x000000030eecd9b0:   000000030eecd900 00007faeb48bc000
0x000000030eecd9c0:   000000030eecdb88 000000011f962c9c
0x000000030eecd9d0:   000000000000000f 00007faeb48bc000
0x000000030eecd9e0:   000000030eecda30 00000001269d0a78
0x000000030eecd9f0:   00000005c07069f0 00000005dc087820
0x000000030eecda00:   0000000113ee41f0 0000000000000001
0x000000030eecda10:   00007faeb44eb410 0000000126a3a100
0x000000030eecda20:   00000005c07e9698 0000000000000202
0x000000030eecda30:   000000030eecdb88 000000011fc7dba4
0x000000030eecda40:   0000000000000041 000000014ae25a50
0x000000030eecda50:   000000011eecd8c7 000000011eebc490
0x000000030eecda60:   0000000100000000 000000030eecdb10
0x000000030eecda70:   000000030eecdab8 000000011fc7d110
0x000000030eecda80:   0000000000000000 000000014ae258c2
0x000000030eecda90:   000000030eecdb38 00007faeb48bc000
0x000000030eecdaa0:   000000030eecdb10 000000011eecd909
0x000000030eecdab0:   0000000100000000 00000005c07069f0 

Instructions: (pc=0x0000000114224e93)
0x0000000114224e73:   c3 55 48 89 e5 41 57 41 56 41 55 41 54 53 50 49
0x0000000114224e83:   89 ff 48 85 f6 74 57 4c 8b 76 10 4d 85 f6 74 57
0x0000000114224e93:   49 8b 1e 31 c0 e8 e3 ee 02 00 48 89 45 d0 48 8b
0x0000000114224ea3:   3b 48 8b 35 cd 80 05 00 ff 15 77 b6 04 00 48 85 

Stack slot to memory mapping:
stack at sp + 0 slots: 0x000000011424a54f: Java_sun_java2d_opengl_OGLRenderQueue_flushBuffer+0x61b in /Library/Java/JavaVirtualMachines/adoptopenjdk-11.jdk/Contents/Home/lib/libawt_lwawt.dylib at 0x0000000114209000
stack at sp + 1 slots: 0x00007faeb5d7fe10 points into unknown readable memory: 5a 00 00 00 49 00 00 00
stack at sp + 2 slots: 0x00007faeb5d7fe08 points into unknown readable memory: c0 22 2f b4 ae 7f 00 00
stack at sp + 3 slots: 0x00007faeb5d7fe20 points into unknown readable memory: 0f 00 00 00 00 80 8f c2
stack at sp + 4 slots: 0x000000000000000f is an unknown value
stack at sp + 5 slots: 0x00007faeb42f22c0 points into unknown readable memory: 00 00 00 00 00 00 00 10
stack at sp + 6 slots: 0x000000030eecd970 is pointing into the stack for thread: 0x00007faeb48bc000
stack at sp + 7 slots: 0x000000011424a577: Java_sun_java2d_opengl_OGLRenderQueue_flushBuffer+0x643 in /Library/Java/JavaVirtualMachines/adoptopenjdk-11.jdk/Contents/Home/lib/libawt_lwawt.dylib at 0x0000000114209000


---------------  P R O C E S S  ---------------

Threads class SMR info:
_java_thread_list=0x00007faeb450a040, length=18, elements={
0x00007faeb5012000, 0x00007faeb5017000, 0x00007faeb486b000, 0x00007faeb486e800,
0x00007faeb486f000, 0x00007faeb4870000, 0x00007faeb4889000, 0x00007faeb3809800,
0x00007faeb48ad000, 0x00007faeb50ed000, 0x00007faeb48bc000, 0x00007faeb5d97000,
0x00007faeb515e000, 0x00007faeb4a07000, 0x00007fae9387b800, 0x00007faeb388c000,
0x00007faeb63e9000, 0x00007faeb4cff000
}

Java Threads: ( => current thread )
  0x00007faeb5012000 JavaThread "Reference Handler" daemon [_thread_blocked, id=19971, stack(0x000000030df75000,0x000000030e075000)]
  0x00007faeb5017000 JavaThread "Finalizer" daemon [_thread_blocked, id=17667, stack(0x000000030e078000,0x000000030e178000)]
  0x00007faeb486b000 JavaThread "Signal Dispatcher" daemon [_thread_blocked, id=31235, stack(0x000000030e28b000,0x000000030e38b000)]
  0x00007faeb486e800 JavaThread "C2 CompilerThread0" daemon [_thread_blocked, id=30723, stack(0x000000030e38e000,0x000000030e48e000)]
  0x00007faeb486f000 JavaThread "C1 CompilerThread0" daemon [_thread_blocked, id=23043, stack(0x000000030e491000,0x000000030e591000)]
  0x00007faeb4870000 JavaThread "Sweeper thread" daemon [_thread_blocked, id=23555, stack(0x000000030e594000,0x000000030e694000)]
  0x00007faeb4889000 JavaThread "Service Thread" daemon [_thread_blocked, id=24835, stack(0x000000030e697000,0x000000030e797000)]
  0x00007faeb3809800 JavaThread "Common-Cleaner" daemon [_thread_blocked, id=28163, stack(0x000000030e89d000,0x000000030e99d000)]
  0x00007faeb48ad000 JavaThread "AppKit Thread" daemon [_thread_in_native, id=259, stack(0x000000030cfdd000,0x000000030d7dd000)]
  0x00007faeb50ed000 JavaThread "AWT-Shutdown" [_thread_blocked, id=64259, stack(0x000000030ea27000,0x000000030eb27000)]
=>0x00007faeb48bc000 JavaThread "Java2D Queue Flusher" daemon [_thread_in_native, id=80179, stack(0x000000030edce000,0x000000030eece000)]
  0x00007faeb5d97000 JavaThread "Java2D Disposer" daemon [_thread_blocked, id=76295, stack(0x000000030eed1000,0x000000030efd1000)]
  0x00007faeb515e000 JavaThread "TimerQueue" daemon [_thread_blocked, id=129811, stack(0x000000030efd4000,0x000000030f0d4000)]
  0x00007faeb4a07000 JavaThread "AWT-EventQueue-0" [_thread_blocked, id=89091, stack(0x000000030f1da000,0x000000030f2da000)]
  0x00007fae9387b800 JavaThread "SwingWorker-pool-1-thread-1" daemon [_thread_blocked, id=114183, stack(0x0000000310436000,0x0000000310536000)]
  0x00007faeb388c000 JavaThread "SwingWorker-pool-1-thread-2" daemon [_thread_blocked, id=113963, stack(0x0000000310539000,0x0000000310639000)]
  0x00007faeb63e9000 JavaThread "DestroyJavaVM" [_thread_blocked, id=9219, stack(0x000000030d860000,0x000000030d960000)]
  0x00007faeb4cff000 JavaThread "Image Fetcher 0" daemon [_thread_blocked, id=112943, stack(0x000000030f473000,0x000000030f573000)]

Other Threads:
  0x00007faeb4868800 VMThread "VM Thread" [stack: 0x000000030de72000,0x000000030df72000] [id=20995]
  0x00007faeb501c800 WatcherThread [stack: 0x000000030e79a000,0x000000030e89a000] [id=28967]
  0x00007faeb5811800 GCTaskThread "GC Thread#0" [stack: 0x000000030d963000,0x000000030da63000] [id=12035]
  0x00007fae938db800 GCTaskThread "GC Thread#1" [stack: 0x000000030f70f000,0x000000030f80f000] [id=122139]
  0x00007faeb4a69000 GCTaskThread "GC Thread#2" [stack: 0x000000030f812000,0x000000030f912000] [id=121091]
  0x00007faeb4a43000 GCTaskThread "GC Thread#3" [stack: 0x000000030f915000,0x000000030fa15000] [id=97283]
  0x00007faeb4a5d000 GCTaskThread "GC Thread#4" [stack: 0x000000030fa18000,0x000000030fb18000] [id=97539]
  0x00007faeb48da000 GCTaskThread "GC Thread#5" [stack: 0x000000030fb1b000,0x000000030fc1b000] [id=97795]
  0x00007faeb48bf800 GCTaskThread "GC Thread#6" [stack: 0x000000030fc1e000,0x000000030fd1e000] [id=98051]
  0x00007faeb4a0d800 GCTaskThread "GC Thread#7" [stack: 0x000000030fd21000,0x000000030fe21000] [id=98307]
  0x00007faeb4b09000 GCTaskThread "GC Thread#8" [stack: 0x000000030fe24000,0x000000030ff24000] [id=119555]
  0x00007faeb4a0a000 GCTaskThread "GC Thread#9" [stack: 0x000000030ff27000,0x0000000310027000] [id=98563]
  0x00007faeb582b800 ConcurrentGCThread "G1 Main Marker" [stack: 0x000000030da66000,0x000000030db66000] [id=12547]
  0x00007faeb582c800 ConcurrentGCThread "G1 Conc#0" [stack: 0x000000030db69000,0x000000030dc69000] [id=13571]
  0x00007faeb4a55000 ConcurrentGCThread "G1 Conc#1" [stack: 0x0000000310230000,0x0000000310330000] [id=3159]
  0x00007faeb388a000 ConcurrentGCThread "G1 Conc#2" [stack: 0x0000000310333000,0x0000000310433000] [id=114435]
  0x00007faeb5975000 ConcurrentGCThread "G1 Refine#0" [stack: 0x000000030dc6c000,0x000000030dd6c000] [id=16643]
  0x00007faeb5291000 ConcurrentGCThread "G1 Refine#1" [stack: 0x000000031002a000,0x000000031012a000] [id=117371]
  0x00007faeb48ce000 ConcurrentGCThread "G1 Refine#2" [stack: 0x000000031012d000,0x000000031022d000] [id=116739]
  0x00007faeb5976000 ConcurrentGCThread "G1 Young RemSet Sampling" [stack: 0x000000030dd6f000,0x000000030de6f000] [id=21507]

Threads with active compile tasks:

VM state:not at safepoint (normal execution)

VM Mutex/Monitor currently owned by a thread: None

Heap address: 0x00000005c0000000, size: 9216 MB, Compressed Oops mode: Zero based, Oop shift amount: 3
Narrow klass base: 0x0000000800000000, Narrow klass shift: 0
Compressed class space size: 1073741824 Address: 0x0000000800000000

Heap:
 garbage-first heap   total 589824K, used 141704K [0x00000005c0000000, 0x0000000800000000)
  region size 2048K, 11 young (22528K), 8 survivors (16384K)
 Metaspace       used 24396K, capacity 25070K, committed 25344K, reserved 1071104K
  class space    used 2789K, capacity 3065K, committed 3072K, reserved 1048576K
Heap Regions: E=young(eden), S=young(survivor), O=old, HS=humongous(starts), HC=humongous(continues), CS=collection set, F=free, A=archive, TAMS=top-at-mark-start (previous, next)
|   0|0x00000005c0000000, 0x00000005c0200000, 0x00000005c0200000|100%| O|  |TAMS 0x00000005c0200000, 0x00000005c0000000| Untracked 
|   1|0x00000005c0200000, 0x00000005c0400000, 0x00000005c0400000|100%| O|  |TAMS 0x00000005c0400000, 0x00000005c0200000| Untracked 
|   2|0x00000005c0400000, 0x00000005c0600000, 0x00000005c0600000|100%| O|  |TAMS 0x00000005c0600000, 0x00000005c0400000| Untracked 
|   3|0x00000005c0600000, 0x00000005c0800000, 0x00000005c0800000|100%| O|  |TAMS 0x00000005c0800000, 0x00000005c0600000| Untracked 
|   4|0x00000005c0800000, 0x00000005c0a00000, 0x00000005c0a00000|100%| O|  |TAMS 0x00000005c0a00000, 0x00000005c0800000| Untracked 
|   5|0x00000005c0a00000, 0x00000005c0c00000, 0x00000005c0c00000|100%| O|  |TAMS 0x00000005c0a8e400, 0x00000005c0a00000| Untracked 
|   6|0x00000005c0c00000, 0x00000005c0e00000, 0x00000005c0e00000|100%| O|  |TAMS 0x00000005c0c00000, 0x00000005c0c00000| Untracked 
|   7|0x00000005c0e00000, 0x00000005c1000000, 0x00000005c1000000|100%| O|  |TAMS 0x00000005c0e00000, 0x00000005c0e00000| Untracked 
|   8|0x00000005c1000000, 0x00000005c1200000, 0x00000005c1200000|100%| O|  |TAMS 0x00000005c1000000, 0x00000005c1000000| Untracked 
|   9|0x00000005c1200000, 0x00000005c1400000, 0x00000005c1400000|100%| O|  |TAMS 0x00000005c1200000, 0x00000005c1200000| Untracked 
|  10|0x00000005c1400000, 0x00000005c1600000, 0x00000005c1600000|100%| O|  |TAMS 0x00000005c1400000, 0x00000005c1400000| Untracked 
|  11|0x00000005c1600000, 0x00000005c17a6c00, 0x00000005c1800000| 82%| O|  |TAMS 0x00000005c1600000, 0x00000005c1600000| Untracked 
|  12|0x00000005c1800000, 0x00000005c1a00000, 0x00000005c1a00000|100%|HS|  |TAMS 0x00000005c1800000, 0x00000005c1800000| Complete 
|  13|0x00000005c1a00000, 0x00000005c1c00000, 0x00000005c1c00000|100%|HC|  |TAMS 0x00000005c1a00000, 0x00000005c1a00000| Complete 
|  14|0x00000005c1c00000, 0x00000005c1e00000, 0x00000005c1e00000|100%|HC|  |TAMS 0x00000005c1c00000, 0x00000005c1c00000| Complete 
|  15|0x00000005c1e00000, 0x00000005c2000000, 0x00000005c2000000|100%|HC|  |TAMS 0x00000005c1e00000, 0x00000005c1e00000| Complete 
|  16|0x00000005c2000000, 0x00000005c2200000, 0x00000005c2200000|100%|HC|  |TAMS 0x00000005c2000000, 0x00000005c2000000| Complete 
|  17|0x00000005c2200000, 0x00000005c2400000, 0x00000005c2400000|100%|HC|  |TAMS 0x00000005c2200000, 0x00000005c2200000| Complete 
|  18|0x00000005c2400000, 0x00000005c2600000, 0x00000005c2600000|100%|HS|  |TAMS 0x00000005c2400000, 0x00000005c2400000| Complete 
|  19|0x00000005c2600000, 0x00000005c2800000, 0x00000005c2800000|100%|HC|  |TAMS 0x00000005c2600000, 0x00000005c2600000| Complete 
|  20|0x00000005c2800000, 0x00000005c2a00000, 0x00000005c2a00000|100%|HC|  |TAMS 0x00000005c2800000, 0x00000005c2800000| Complete 
|  21|0x00000005c2a00000, 0x00000005c2c00000, 0x00000005c2c00000|100%|HC|  |TAMS 0x00000005c2a00000, 0x00000005c2a00000| Complete 
|  22|0x00000005c2c00000, 0x00000005c2e00000, 0x00000005c2e00000|100%|HC|  |TAMS 0x00000005c2c00000, 0x00000005c2c00000| Complete 
|  23|0x00000005c2e00000, 0x00000005c3000000, 0x00000005c3000000|100%|HC|  |TAMS 0x00000005c2e00000, 0x00000005c2e00000| Complete 
|  24|0x00000005c3000000, 0x00000005c3200000, 0x00000005c3200000|100%|HS|  |TAMS 0x00000005c3000000, 0x00000005c3000000| Complete 
|  25|0x00000005c3200000, 0x00000005c3400000, 0x00000005c3400000|100%|HC|  |TAMS 0x00000005c3200000, 0x00000005c3200000| Complete 
|  26|0x00000005c3400000, 0x00000005c3600000, 0x00000005c3600000|100%|HC|  |TAMS 0x00000005c3400000, 0x00000005c3400000| Complete 
|  27|0x00000005c3600000, 0x00000005c3800000, 0x00000005c3800000|100%|HC|  |TAMS 0x00000005c3600000, 0x00000005c3600000| Complete 
|  28|0x00000005c3800000, 0x00000005c3a00000, 0x00000005c3a00000|100%|HC|  |TAMS 0x00000005c3800000, 0x00000005c3800000| Complete 
|  29|0x00000005c3a00000, 0x00000005c3c00000, 0x00000005c3c00000|100%|HC|  |TAMS 0x00000005c3a00000, 0x00000005c3a00000| Complete 
|  30|0x00000005c3c00000, 0x00000005c3e00000, 0x00000005c3e00000|100%|HS|  |TAMS 0x00000005c3c00000, 0x00000005c3c00000| Complete 
|  31|0x00000005c3e00000, 0x00000005c4000000, 0x00000005c4000000|100%|HC|  |TAMS 0x00000005c3e00000, 0x00000005c3e00000| Complete 
|  32|0x00000005c4000000, 0x00000005c4200000, 0x00000005c4200000|100%|HC|  |TAMS 0x00000005c4000000, 0x00000005c4000000| Complete 
|  33|0x00000005c4200000, 0x00000005c4400000, 0x00000005c4400000|100%|HC|  |TAMS 0x00000005c4200000, 0x00000005c4200000| Complete 
|  34|0x00000005c4400000, 0x00000005c4600000, 0x00000005c4600000|100%|HC|  |TAMS 0x00000005c4400000, 0x00000005c4400000| Complete 
|  35|0x00000005c4600000, 0x00000005c4800000, 0x00000005c4800000|100%|HC|  |TAMS 0x00000005c4600000, 0x00000005c4600000| Complete 
|  36|0x00000005c4800000, 0x00000005c4a00000, 0x00000005c4a00000|100%|HS|  |TAMS 0x00000005c4800000, 0x00000005c4800000| Complete 
|  37|0x00000005c4a00000, 0x00000005c4c00000, 0x00000005c4c00000|100%|HC|  |TAMS 0x00000005c4a00000, 0x00000005c4a00000| Complete 
|  38|0x00000005c4c00000, 0x00000005c4e00000, 0x00000005c4e00000|100%|HC|  |TAMS 0x00000005c4c00000, 0x00000005c4c00000| Complete 
|  39|0x00000005c4e00000, 0x00000005c5000000, 0x00000005c5000000|100%|HC|  |TAMS 0x00000005c4e00000, 0x00000005c4e00000| Complete 
|  40|0x00000005c5000000, 0x00000005c5200000, 0x00000005c5200000|100%|HC|  |TAMS 0x00000005c5000000, 0x00000005c5000000| Complete 
|  41|0x00000005c5200000, 0x00000005c5400000, 0x00000005c5400000|100%|HC|  |TAMS 0x00000005c5200000, 0x00000005c5200000| Complete 
|  42|0x00000005c5400000, 0x00000005c5600000, 0x00000005c5600000|100%|HS|  |TAMS 0x00000005c5400000, 0x00000005c5400000| Complete 
|  43|0x00000005c5600000, 0x00000005c5800000, 0x00000005c5800000|100%|HC|  |TAMS 0x00000005c5600000, 0x00000005c5600000| Complete 
|  44|0x00000005c5800000, 0x00000005c5a00000, 0x00000005c5a00000|100%|HC|  |TAMS 0x00000005c5800000, 0x00000005c5800000| Complete 
|  45|0x00000005c5a00000, 0x00000005c5c00000, 0x00000005c5c00000|100%|HC|  |TAMS 0x00000005c5a00000, 0x00000005c5a00000| Complete 
|  46|0x00000005c5c00000, 0x00000005c5e00000, 0x00000005c5e00000|100%|HC|  |TAMS 0x00000005c5c00000, 0x00000005c5c00000| Complete 
|  47|0x00000005c5e00000, 0x00000005c6000000, 0x00000005c6000000|100%|HC|  |TAMS 0x00000005c5e00000, 0x00000005c5e00000| Complete 
|  48|0x00000005c6000000, 0x00000005c6200000, 0x00000005c6200000|100%|HS|  |TAMS 0x00000005c6000000, 0x00000005c6000000| Complete 
|  49|0x00000005c6200000, 0x00000005c6400000, 0x00000005c6400000|100%|HC|  |TAMS 0x00000005c6200000, 0x00000005c6200000| Complete 
|  50|0x00000005c6400000, 0x00000005c6600000, 0x00000005c6600000|100%|HC|  |TAMS 0x00000005c6400000, 0x00000005c6400000| Complete 
|  51|0x00000005c6600000, 0x00000005c6800000, 0x00000005c6800000|100%|HC|  |TAMS 0x00000005c6600000, 0x00000005c6600000| Complete 
|  52|0x00000005c6800000, 0x00000005c6a00000, 0x00000005c6a00000|100%|HC|  |TAMS 0x00000005c6800000, 0x00000005c6800000| Complete 
|  53|0x00000005c6a00000, 0x00000005c6c00000, 0x00000005c6c00000|100%|HC|  |TAMS 0x00000005c6a00000, 0x00000005c6a00000| Complete 
|  54|0x00000005c6c00000, 0x00000005c6e00000, 0x00000005c6e00000|100%|HS|  |TAMS 0x00000005c6c00000, 0x00000005c6c00000| Complete 
|  55|0x00000005c6e00000, 0x00000005c7000000, 0x00000005c7000000|100%|HC|  |TAMS 0x00000005c6e00000, 0x00000005c6e00000| Complete 
|  56|0x00000005c7000000, 0x00000005c7200000, 0x00000005c7200000|100%|HC|  |TAMS 0x00000005c7000000, 0x00000005c7000000| Complete 
|  57|0x00000005c7200000, 0x00000005c7400000, 0x00000005c7400000|100%|HC|  |TAMS 0x00000005c7200000, 0x00000005c7200000| Complete 
|  58|0x00000005c7400000, 0x00000005c7600000, 0x00000005c7600000|100%|HC|  |TAMS 0x00000005c7400000, 0x00000005c7400000| Complete 
|  59|0x00000005c7600000, 0x00000005c7800000, 0x00000005c7800000|100%|HC|  |TAMS 0x00000005c7600000, 0x00000005c7600000| Complete 
|  60|0x00000005c7800000, 0x00000005c7800000, 0x00000005c7a00000|  0%| F|  |TAMS 0x00000005c7800000, 0x00000005c7800000| Untracked 
|  61|0x00000005c7a00000, 0x00000005c7a00000, 0x00000005c7c00000|  0%| F|  |TAMS 0x00000005c7a00000, 0x00000005c7a00000| Untracked 
|  62|0x00000005c7c00000, 0x00000005c7c00000, 0x00000005c7e00000|  0%| F|  |TAMS 0x00000005c7c00000, 0x00000005c7c00000| Untracked 
|  63|0x00000005c7e00000, 0x00000005c7e00000, 0x00000005c8000000|  0%| F|  |TAMS 0x00000005c7e00000, 0x00000005c7e00000| Untracked 
|  64|0x00000005c8000000, 0x00000005c8000000, 0x00000005c8200000|  0%| F|  |TAMS 0x00000005c8000000, 0x00000005c8000000| Untracked 
|  65|0x00000005c8200000, 0x00000005c8200000, 0x00000005c8400000|  0%| F|  |TAMS 0x00000005c8200000, 0x00000005c8200000| Untracked 
|  66|0x00000005c8400000, 0x00000005c8400000, 0x00000005c8600000|  0%| F|  |TAMS 0x00000005c8400000, 0x00000005c8400000| Untracked 
|  67|0x00000005c8600000, 0x00000005c8600000, 0x00000005c8800000|  0%| F|  |TAMS 0x00000005c8600000, 0x00000005c8600000| Untracked 
|  68|0x00000005c8800000, 0x00000005c8800000, 0x00000005c8a00000|  0%| F|  |TAMS 0x00000005c8800000, 0x00000005c8800000| Untracked 
|  69|0x00000005c8a00000, 0x00000005c8a00000, 0x00000005c8c00000|  0%| F|  |TAMS 0x00000005c8a00000, 0x00000005c8a00000| Untracked 
|  70|0x00000005c8c00000, 0x00000005c8c00000, 0x00000005c8e00000|  0%| F|  |TAMS 0x00000005c8c00000, 0x00000005c8c00000| Untracked 
|  71|0x00000005c8e00000, 0x00000005c8e00000, 0x00000005c9000000|  0%| F|  |TAMS 0x00000005c8e00000, 0x00000005c8e00000| Untracked 
|  72|0x00000005c9000000, 0x00000005c9000000, 0x00000005c9200000|  0%| F|  |TAMS 0x00000005c9000000, 0x00000005c9000000| Untracked 
|  73|0x00000005c9200000, 0x00000005c9200000, 0x00000005c9400000|  0%| F|  |TAMS 0x00000005c9200000, 0x00000005c9200000| Untracked 
|  74|0x00000005c9400000, 0x00000005c9400000, 0x00000005c9600000|  0%| F|  |TAMS 0x00000005c9400000, 0x00000005c9400000| Untracked 
|  75|0x00000005c9600000, 0x00000005c9600000, 0x00000005c9800000|  0%| F|  |TAMS 0x00000005c9600000, 0x00000005c9600000| Untracked 
|  76|0x00000005c9800000, 0x00000005c9800000, 0x00000005c9a00000|  0%| F|  |TAMS 0x00000005c9800000, 0x00000005c9800000| Untracked 
|  77|0x00000005c9a00000, 0x00000005c9a00000, 0x00000005c9c00000|  0%| F|  |TAMS 0x00000005c9a00000, 0x00000005c9a00000| Untracked 
|  78|0x00000005c9c00000, 0x00000005c9c00000, 0x00000005c9e00000|  0%| F|  |TAMS 0x00000005c9c00000, 0x00000005c9c00000| Untracked 
|  79|0x00000005c9e00000, 0x00000005c9e00000, 0x00000005ca000000|  0%| F|  |TAMS 0x00000005c9e00000, 0x00000005c9e00000| Untracked 
|  80|0x00000005ca000000, 0x00000005ca000000, 0x00000005ca200000|  0%| F|  |TAMS 0x00000005ca000000, 0x00000005ca000000| Untracked 
|  81|0x00000005ca200000, 0x00000005ca200000, 0x00000005ca400000|  0%| F|  |TAMS 0x00000005ca200000, 0x00000005ca200000| Untracked 
|  82|0x00000005ca400000, 0x00000005ca400000, 0x00000005ca600000|  0%| F|  |TAMS 0x00000005ca400000, 0x00000005ca400000| Untracked 
|  83|0x00000005ca600000, 0x00000005ca600000, 0x00000005ca800000|  0%| F|  |TAMS 0x00000005ca600000, 0x00000005ca600000| Untracked 
|  84|0x00000005ca800000, 0x00000005ca800000, 0x00000005caa00000|  0%| F|  |TAMS 0x00000005ca800000, 0x00000005ca800000| Untracked 
|  85|0x00000005caa00000, 0x00000005caa00000, 0x00000005cac00000|  0%| F|  |TAMS 0x00000005caa00000, 0x00000005caa00000| Untracked 
|  86|0x00000005cac00000, 0x00000005cac00000, 0x00000005cae00000|  0%| F|  |TAMS 0x00000005cac00000, 0x00000005cac00000| Untracked 
|  87|0x00000005cae00000, 0x00000005cae00000, 0x00000005cb000000|  0%| F|  |TAMS 0x00000005cae00000, 0x00000005cae00000| Untracked 
|  88|0x00000005cb000000, 0x00000005cb000000, 0x00000005cb200000|  0%| F|  |TAMS 0x00000005cb000000, 0x00000005cb000000| Untracked 
|  89|0x00000005cb200000, 0x00000005cb200000, 0x00000005cb400000|  0%| F|  |TAMS 0x00000005cb200000, 0x00000005cb200000| Untracked 
|  90|0x00000005cb400000, 0x00000005cb400000, 0x00000005cb600000|  0%| F|  |TAMS 0x00000005cb400000, 0x00000005cb400000| Untracked 
|  91|0x00000005cb600000, 0x00000005cb600000, 0x00000005cb800000|  0%| F|  |TAMS 0x00000005cb600000, 0x00000005cb600000| Untracked 
|  92|0x00000005cb800000, 0x00000005cb800000, 0x00000005cba00000|  0%| F|  |TAMS 0x00000005cb800000, 0x00000005cb800000| Untracked 
|  93|0x00000005cba00000, 0x00000005cba00000, 0x00000005cbc00000|  0%| F|  |TAMS 0x00000005cba00000, 0x00000005cba00000| Untracked 
|  94|0x00000005cbc00000, 0x00000005cbc00000, 0x00000005cbe00000|  0%| F|  |TAMS 0x00000005cbc00000, 0x00000005cbc00000| Untracked 
|  95|0x00000005cbe00000, 0x00000005cbe00000, 0x00000005cc000000|  0%| F|  |TAMS 0x00000005cbe00000, 0x00000005cbe00000| Untracked 
|  96|0x00000005cc000000, 0x00000005cc000000, 0x00000005cc200000|  0%| F|  |TAMS 0x00000005cc000000, 0x00000005cc000000| Untracked 
|  97|0x00000005cc200000, 0x00000005cc200000, 0x00000005cc400000|  0%| F|  |TAMS 0x00000005cc200000, 0x00000005cc200000| Untracked 
|  98|0x00000005cc400000, 0x00000005cc400000, 0x00000005cc600000|  0%| F|  |TAMS 0x00000005cc400000, 0x00000005cc400000| Untracked 
|  99|0x00000005cc600000, 0x00000005cc600000, 0x00000005cc800000|  0%| F|  |TAMS 0x00000005cc600000, 0x00000005cc600000| Untracked 
| 100|0x00000005cc800000, 0x00000005cc800000, 0x00000005cca00000|  0%| F|  |TAMS 0x00000005cc800000, 0x00000005cc800000| Untracked 
| 101|0x00000005cca00000, 0x00000005cca00000, 0x00000005ccc00000|  0%| F|  |TAMS 0x00000005cca00000, 0x00000005cca00000| Untracked 
| 102|0x00000005ccc00000, 0x00000005ccc00000, 0x00000005cce00000|  0%| F|  |TAMS 0x00000005ccc00000, 0x00000005ccc00000| Untracked 
| 103|0x00000005cce00000, 0x00000005cce00000, 0x00000005cd000000|  0%| F|  |TAMS 0x00000005cce00000, 0x00000005cce00000| Untracked 
| 104|0x00000005cd000000, 0x00000005cd000000, 0x00000005cd200000|  0%| F|  |TAMS 0x00000005cd000000, 0x00000005cd000000| Untracked 
| 105|0x00000005cd200000, 0x00000005cd200000, 0x00000005cd400000|  0%| F|  |TAMS 0x00000005cd200000, 0x00000005cd200000| Untracked 
| 106|0x00000005cd400000, 0x00000005cd400000, 0x00000005cd600000|  0%| F|  |TAMS 0x00000005cd400000, 0x00000005cd400000| Untracked 
| 107|0x00000005cd600000, 0x00000005cd600000, 0x00000005cd800000|  0%| F|  |TAMS 0x00000005cd600000, 0x00000005cd600000| Untracked 
| 108|0x00000005cd800000, 0x00000005cd800000, 0x00000005cda00000|  0%| F|  |TAMS 0x00000005cd800000, 0x00000005cd800000| Untracked 
| 109|0x00000005cda00000, 0x00000005cda00000, 0x00000005cdc00000|  0%| F|  |TAMS 0x00000005cda00000, 0x00000005cda00000| Untracked 
| 110|0x00000005cdc00000, 0x00000005cdc00000, 0x00000005cde00000|  0%| F|  |TAMS 0x00000005cdc00000, 0x00000005cdc00000| Untracked 
| 111|0x00000005cde00000, 0x00000005cde00000, 0x00000005ce000000|  0%| F|  |TAMS 0x00000005cde00000, 0x00000005cde00000| Untracked 
| 112|0x00000005ce000000, 0x00000005ce000000, 0x00000005ce200000|  0%| F|  |TAMS 0x00000005ce000000, 0x00000005ce000000| Untracked 
| 113|0x00000005ce200000, 0x00000005ce200000, 0x00000005ce400000|  0%| F|  |TAMS 0x00000005ce200000, 0x00000005ce200000| Untracked 
| 114|0x00000005ce400000, 0x00000005ce400000, 0x00000005ce600000|  0%| F|  |TAMS 0x00000005ce400000, 0x00000005ce400000| Untracked 
| 115|0x00000005ce600000, 0x00000005ce600000, 0x00000005ce800000|  0%| F|  |TAMS 0x00000005ce600000, 0x00000005ce600000| Untracked 
| 116|0x00000005ce800000, 0x00000005ce800000, 0x00000005cea00000|  0%| F|  |TAMS 0x00000005ce800000, 0x00000005ce800000| Untracked 
| 117|0x00000005cea00000, 0x00000005cea00000, 0x00000005cec00000|  0%| F|  |TAMS 0x00000005cea00000, 0x00000005cea00000| Untracked 
| 118|0x00000005cec00000, 0x00000005cec00000, 0x00000005cee00000|  0%| F|  |TAMS 0x00000005cec00000, 0x00000005cec00000| Untracked 
| 119|0x00000005cee00000, 0x00000005cee00000, 0x00000005cf000000|  0%| F|  |TAMS 0x00000005cee00000, 0x00000005cee00000| Untracked 
| 120|0x00000005cf000000, 0x00000005cf000000, 0x00000005cf200000|  0%| F|  |TAMS 0x00000005cf000000, 0x00000005cf000000| Untracked 
| 121|0x00000005cf200000, 0x00000005cf200000, 0x00000005cf400000|  0%| F|  |TAMS 0x00000005cf200000, 0x00000005cf200000| Untracked 
| 122|0x00000005cf400000, 0x00000005cf400000, 0x00000005cf600000|  0%| F|  |TAMS 0x00000005cf400000, 0x00000005cf400000| Untracked 
| 123|0x00000005cf600000, 0x00000005cf600000, 0x00000005cf800000|  0%| F|  |TAMS 0x00000005cf600000, 0x00000005cf600000| Untracked 
| 124|0x00000005cf800000, 0x00000005cf800000, 0x00000005cfa00000|  0%| F|  |TAMS 0x00000005cf800000, 0x00000005cf800000| Untracked 
| 125|0x00000005cfa00000, 0x00000005cfa00000, 0x00000005cfc00000|  0%| F|  |TAMS 0x00000005cfa00000, 0x00000005cfa00000| Untracked 
| 126|0x00000005cfc00000, 0x00000005cfc00000, 0x00000005cfe00000|  0%| F|  |TAMS 0x00000005cfc00000, 0x00000005cfc00000| Untracked 
| 127|0x00000005cfe00000, 0x00000005cfe00000, 0x00000005d0000000|  0%| F|  |TAMS 0x00000005cfe00000, 0x00000005cfe00000| Untracked 
| 128|0x00000005d0000000, 0x00000005d0000000, 0x00000005d0200000|  0%| F|  |TAMS 0x00000005d0000000, 0x00000005d0000000| Untracked 
| 129|0x00000005d0200000, 0x00000005d0200000, 0x00000005d0400000|  0%| F|  |TAMS 0x00000005d0200000, 0x00000005d0200000| Untracked 
| 130|0x00000005d0400000, 0x00000005d0400000, 0x00000005d0600000|  0%| F|  |TAMS 0x00000005d0400000, 0x00000005d0400000| Untracked 
| 131|0x00000005d0600000, 0x00000005d0600000, 0x00000005d0800000|  0%| F|  |TAMS 0x00000005d0600000, 0x00000005d0600000| Untracked 
| 132|0x00000005d0800000, 0x00000005d0800000, 0x00000005d0a00000|  0%| F|  |TAMS 0x00000005d0800000, 0x00000005d0800000| Untracked 
| 133|0x00000005d0a00000, 0x00000005d0a00000, 0x00000005d0c00000|  0%| F|  |TAMS 0x00000005d0a00000, 0x00000005d0a00000| Untracked 
| 134|0x00000005d0c00000, 0x00000005d0c00000, 0x00000005d0e00000|  0%| F|  |TAMS 0x00000005d0c00000, 0x00000005d0c00000| Untracked 
| 135|0x00000005d0e00000, 0x00000005d0e00000, 0x00000005d1000000|  0%| F|  |TAMS 0x00000005d0e00000, 0x00000005d0e00000| Untracked 
| 136|0x00000005d1000000, 0x00000005d1000000, 0x00000005d1200000|  0%| F|  |TAMS 0x00000005d1000000, 0x00000005d1000000| Untracked 
| 137|0x00000005d1200000, 0x00000005d1200000, 0x00000005d1400000|  0%| F|  |TAMS 0x00000005d1200000, 0x00000005d1200000| Untracked 
| 138|0x00000005d1400000, 0x00000005d1400000, 0x00000005d1600000|  0%| F|  |TAMS 0x00000005d1400000, 0x00000005d1400000| Untracked 
| 139|0x00000005d1600000, 0x00000005d1600000, 0x00000005d1800000|  0%| F|  |TAMS 0x00000005d1600000, 0x00000005d1600000| Untracked 
| 140|0x00000005d1800000, 0x00000005d1800000, 0x00000005d1a00000|  0%| F|  |TAMS 0x00000005d1800000, 0x00000005d1800000| Untracked 
| 141|0x00000005d1a00000, 0x00000005d1a00000, 0x00000005d1c00000|  0%| F|  |TAMS 0x00000005d1a00000, 0x00000005d1a00000| Untracked 
| 142|0x00000005d1c00000, 0x00000005d1c00000, 0x00000005d1e00000|  0%| F|  |TAMS 0x00000005d1c00000, 0x00000005d1c00000| Untracked 
| 143|0x00000005d1e00000, 0x00000005d1e00000, 0x00000005d2000000|  0%| F|  |TAMS 0x00000005d1e00000, 0x00000005d1e00000| Untracked 
| 144|0x00000005d2000000, 0x00000005d2000000, 0x00000005d2200000|  0%| F|  |TAMS 0x00000005d2000000, 0x00000005d2000000| Untracked 
| 145|0x00000005d2200000, 0x00000005d2200000, 0x00000005d2400000|  0%| F|  |TAMS 0x00000005d2200000, 0x00000005d2200000| Untracked 
| 146|0x00000005d2400000, 0x00000005d2400000, 0x00000005d2600000|  0%| F|  |TAMS 0x00000005d2400000, 0x00000005d2400000| Untracked 
| 147|0x00000005d2600000, 0x00000005d2600000, 0x00000005d2800000|  0%| F|  |TAMS 0x00000005d2600000, 0x00000005d2600000| Untracked 
| 148|0x00000005d2800000, 0x00000005d2800000, 0x00000005d2a00000|  0%| F|  |TAMS 0x00000005d2800000, 0x00000005d2800000| Untracked 
| 149|0x00000005d2a00000, 0x00000005d2a00000, 0x00000005d2c00000|  0%| F|  |TAMS 0x00000005d2a00000, 0x00000005d2a00000| Untracked 
| 150|0x00000005d2c00000, 0x00000005d2c00000, 0x00000005d2e00000|  0%| F|  |TAMS 0x00000005d2c00000, 0x00000005d2c00000| Untracked 
| 151|0x00000005d2e00000, 0x00000005d2e00000, 0x00000005d3000000|  0%| F|  |TAMS 0x00000005d2e00000, 0x00000005d2e00000| Untracked 
| 152|0x00000005d3000000, 0x00000005d3000000, 0x00000005d3200000|  0%| F|  |TAMS 0x00000005d3000000, 0x00000005d3000000| Untracked 
| 153|0x00000005d3200000, 0x00000005d3200000, 0x00000005d3400000|  0%| F|  |TAMS 0x00000005d3200000, 0x00000005d3200000| Untracked 
| 154|0x00000005d3400000, 0x00000005d3400000, 0x00000005d3600000|  0%| F|  |TAMS 0x00000005d3400000, 0x00000005d3400000| Untracked 
| 155|0x00000005d3600000, 0x00000005d3600000, 0x00000005d3800000|  0%| F|  |TAMS 0x00000005d3600000, 0x00000005d3600000| Untracked 
| 156|0x00000005d3800000, 0x00000005d3800000, 0x00000005d3a00000|  0%| F|  |TAMS 0x00000005d3800000, 0x00000005d3800000| Untracked 
| 157|0x00000005d3a00000, 0x00000005d3a00000, 0x00000005d3c00000|  0%| F|  |TAMS 0x00000005d3a00000, 0x00000005d3a00000| Untracked 
| 158|0x00000005d3c00000, 0x00000005d3c00000, 0x00000005d3e00000|  0%| F|  |TAMS 0x00000005d3c00000, 0x00000005d3c00000| Untracked 
| 159|0x00000005d3e00000, 0x00000005d3e00000, 0x00000005d4000000|  0%| F|  |TAMS 0x00000005d3e00000, 0x00000005d3e00000| Untracked 
| 160|0x00000005d4000000, 0x00000005d4000000, 0x00000005d4200000|  0%| F|  |TAMS 0x00000005d4000000, 0x00000005d4000000| Untracked 
| 161|0x00000005d4200000, 0x00000005d4200000, 0x00000005d4400000|  0%| F|  |TAMS 0x00000005d4200000, 0x00000005d4200000| Untracked 
| 162|0x00000005d4400000, 0x00000005d4400000, 0x00000005d4600000|  0%| F|  |TAMS 0x00000005d4400000, 0x00000005d4400000| Untracked 
| 163|0x00000005d4600000, 0x00000005d4600000, 0x00000005d4800000|  0%| F|  |TAMS 0x00000005d4600000, 0x00000005d4600000| Untracked 
| 164|0x00000005d4800000, 0x00000005d4800000, 0x00000005d4a00000|  0%| F|  |TAMS 0x00000005d4800000, 0x00000005d4800000| Untracked 
| 165|0x00000005d4a00000, 0x00000005d4a00000, 0x00000005d4c00000|  0%| F|  |TAMS 0x00000005d4a00000, 0x00000005d4a00000| Untracked 
| 166|0x00000005d4c00000, 0x00000005d4c00000, 0x00000005d4e00000|  0%| F|  |TAMS 0x00000005d4c00000, 0x00000005d4c00000| Untracked 
| 167|0x00000005d4e00000, 0x00000005d4e00000, 0x00000005d5000000|  0%| F|  |TAMS 0x00000005d4e00000, 0x00000005d4e00000| Untracked 
| 168|0x00000005d5000000, 0x00000005d5000000, 0x00000005d5200000|  0%| F|  |TAMS 0x00000005d5000000, 0x00000005d5000000| Untracked 
| 169|0x00000005d5200000, 0x00000005d5200000, 0x00000005d5400000|  0%| F|  |TAMS 0x00000005d5200000, 0x00000005d5200000| Untracked 
| 170|0x00000005d5400000, 0x00000005d5400000, 0x00000005d5600000|  0%| F|  |TAMS 0x00000005d5400000, 0x00000005d5400000| Untracked 
| 171|0x00000005d5600000, 0x00000005d5600000, 0x00000005d5800000|  0%| F|  |TAMS 0x00000005d5600000, 0x00000005d5600000| Untracked 
| 172|0x00000005d5800000, 0x00000005d5800000, 0x00000005d5a00000|  0%| F|  |TAMS 0x00000005d5800000, 0x00000005d5800000| Untracked 
| 173|0x00000005d5a00000, 0x00000005d5a00000, 0x00000005d5c00000|  0%| F|  |TAMS 0x00000005d5a00000, 0x00000005d5a00000| Untracked 
| 174|0x00000005d5c00000, 0x00000005d5c00000, 0x00000005d5e00000|  0%| F|  |TAMS 0x00000005d5c00000, 0x00000005d5c00000| Untracked 
| 175|0x00000005d5e00000, 0x00000005d5e00000, 0x00000005d6000000|  0%| F|  |TAMS 0x00000005d5e00000, 0x00000005d5e00000| Untracked 
| 176|0x00000005d6000000, 0x00000005d6000000, 0x00000005d6200000|  0%| F|  |TAMS 0x00000005d6000000, 0x00000005d6000000| Untracked 
| 177|0x00000005d6200000, 0x00000005d6200000, 0x00000005d6400000|  0%| F|  |TAMS 0x00000005d6200000, 0x00000005d6200000| Untracked 
| 178|0x00000005d6400000, 0x00000005d6400000, 0x00000005d6600000|  0%| F|  |TAMS 0x00000005d6400000, 0x00000005d6400000| Untracked 
| 179|0x00000005d6600000, 0x00000005d6600000, 0x00000005d6800000|  0%| F|  |TAMS 0x00000005d6600000, 0x00000005d6600000| Untracked 
| 180|0x00000005d6800000, 0x00000005d6800000, 0x00000005d6a00000|  0%| F|  |TAMS 0x00000005d6800000, 0x00000005d6800000| Untracked 
| 181|0x00000005d6a00000, 0x00000005d6a00000, 0x00000005d6c00000|  0%| F|  |TAMS 0x00000005d6a00000, 0x00000005d6a00000| Untracked 
| 182|0x00000005d6c00000, 0x00000005d6c00000, 0x00000005d6e00000|  0%| F|  |TAMS 0x00000005d6c00000, 0x00000005d6c00000| Untracked 
| 183|0x00000005d6e00000, 0x00000005d6e00000, 0x00000005d7000000|  0%| F|  |TAMS 0x00000005d6e00000, 0x00000005d6e00000| Untracked 
| 184|0x00000005d7000000, 0x00000005d7000000, 0x00000005d7200000|  0%| F|  |TAMS 0x00000005d7000000, 0x00000005d7000000| Untracked 
| 185|0x00000005d7200000, 0x00000005d7200000, 0x00000005d7400000|  0%| F|  |TAMS 0x00000005d7200000, 0x00000005d7200000| Untracked 
| 186|0x00000005d7400000, 0x00000005d7400000, 0x00000005d7600000|  0%| F|  |TAMS 0x00000005d7400000, 0x00000005d7400000| Untracked 
| 187|0x00000005d7600000, 0x00000005d7600000, 0x00000005d7800000|  0%| F|  |TAMS 0x00000005d7600000, 0x00000005d7600000| Untracked 
| 188|0x00000005d7800000, 0x00000005d7800000, 0x00000005d7a00000|  0%| F|  |TAMS 0x00000005d7800000, 0x00000005d7800000| Untracked 
| 189|0x00000005d7a00000, 0x00000005d7a00000, 0x00000005d7c00000|  0%| F|  |TAMS 0x00000005d7a00000, 0x00000005d7a00000| Untracked 
| 190|0x00000005d7c00000, 0x00000005d7c00000, 0x00000005d7e00000|  0%| F|  |TAMS 0x00000005d7c00000, 0x00000005d7c00000| Untracked 
| 191|0x00000005d7e00000, 0x00000005d7e00000, 0x00000005d8000000|  0%| F|  |TAMS 0x00000005d7e00000, 0x00000005d7e00000| Untracked 
| 192|0x00000005d8000000, 0x00000005d8000000, 0x00000005d8200000|  0%| F|  |TAMS 0x00000005d8000000, 0x00000005d8000000| Untracked 
| 193|0x00000005d8200000, 0x00000005d8200000, 0x00000005d8400000|  0%| F|  |TAMS 0x00000005d8200000, 0x00000005d8200000| Untracked 
| 194|0x00000005d8400000, 0x00000005d8400000, 0x00000005d8600000|  0%| F|  |TAMS 0x00000005d8400000, 0x00000005d8400000| Untracked 
| 195|0x00000005d8600000, 0x00000005d8600000, 0x00000005d8800000|  0%| F|  |TAMS 0x00000005d8600000, 0x00000005d8600000| Untracked 
| 196|0x00000005d8800000, 0x00000005d8800000, 0x00000005d8a00000|  0%| F|  |TAMS 0x00000005d8800000, 0x00000005d8800000| Untracked 
| 197|0x00000005d8a00000, 0x00000005d8a00000, 0x00000005d8c00000|  0%| F|  |TAMS 0x00000005d8a00000, 0x00000005d8a00000| Untracked 
| 198|0x00000005d8c00000, 0x00000005d8c00000, 0x00000005d8e00000|  0%| F|  |TAMS 0x00000005d8c00000, 0x00000005d8c00000| Untracked 
| 199|0x00000005d8e00000, 0x00000005d8e00000, 0x00000005d9000000|  0%| F|  |TAMS 0x00000005d8e00000, 0x00000005d8e00000| Untracked 
| 200|0x00000005d9000000, 0x00000005d9000000, 0x00000005d9200000|  0%| F|  |TAMS 0x00000005d9000000, 0x00000005d9000000| Untracked 
| 201|0x00000005d9200000, 0x00000005d9200000, 0x00000005d9400000|  0%| F|  |TAMS 0x00000005d9200000, 0x00000005d9200000| Untracked 
| 202|0x00000005d9400000, 0x00000005d9400000, 0x00000005d9600000|  0%| F|  |TAMS 0x00000005d9400000, 0x00000005d9400000| Untracked 
| 203|0x00000005d9600000, 0x00000005d9600000, 0x00000005d9800000|  0%| F|  |TAMS 0x00000005d9600000, 0x00000005d9600000| Untracked 
| 204|0x00000005d9800000, 0x00000005d9800000, 0x00000005d9a00000|  0%| F|  |TAMS 0x00000005d9800000, 0x00000005d9800000| Untracked 
| 205|0x00000005d9a00000, 0x00000005d9a00000, 0x00000005d9c00000|  0%| F|  |TAMS 0x00000005d9a00000, 0x00000005d9a00000| Untracked 
| 206|0x00000005d9c00000, 0x00000005d9c00000, 0x00000005d9e00000|  0%| F|  |TAMS 0x00000005d9c00000, 0x00000005d9c00000| Untracked 
| 207|0x00000005d9e00000, 0x00000005d9e00000, 0x00000005da000000|  0%| F|  |TAMS 0x00000005d9e00000, 0x00000005d9e00000| Untracked 
| 208|0x00000005da000000, 0x00000005da000000, 0x00000005da200000|  0%| F|  |TAMS 0x00000005da000000, 0x00000005da000000| Untracked 
| 209|0x00000005da200000, 0x00000005da200000, 0x00000005da400000|  0%| F|  |TAMS 0x00000005da200000, 0x00000005da200000| Untracked 
| 210|0x00000005da400000, 0x00000005da400000, 0x00000005da600000|  0%| F|  |TAMS 0x00000005da400000, 0x00000005da400000| Untracked 
| 211|0x00000005da600000, 0x00000005da600000, 0x00000005da800000|  0%| F|  |TAMS 0x00000005da600000, 0x00000005da600000| Untracked 
| 212|0x00000005da800000, 0x00000005da800000, 0x00000005daa00000|  0%| F|  |TAMS 0x00000005da800000, 0x00000005da800000| Untracked 
| 213|0x00000005daa00000, 0x00000005daa00000, 0x00000005dac00000|  0%| F|  |TAMS 0x00000005daa00000, 0x00000005daa00000| Untracked 
| 214|0x00000005dac00000, 0x00000005dac00000, 0x00000005dae00000|  0%| F|  |TAMS 0x00000005dac00000, 0x00000005dac00000| Untracked 
| 215|0x00000005dae00000, 0x00000005dae00000, 0x00000005db000000|  0%| F|  |TAMS 0x00000005dae00000, 0x00000005dae00000| Untracked 
| 216|0x00000005db000000, 0x00000005db0bb6d8, 0x00000005db200000| 36%| S|CS|TAMS 0x00000005db000000, 0x00000005db000000| Complete 
| 217|0x00000005db200000, 0x00000005db400000, 0x00000005db400000|100%| S|CS|TAMS 0x00000005db200000, 0x00000005db200000| Complete 
| 218|0x00000005db400000, 0x00000005db600000, 0x00000005db600000|100%| S|CS|TAMS 0x00000005db400000, 0x00000005db400000| Complete 
| 219|0x00000005db600000, 0x00000005db800000, 0x00000005db800000|100%| S|CS|TAMS 0x00000005db600000, 0x00000005db600000| Complete 
| 220|0x00000005db800000, 0x00000005dba00000, 0x00000005dba00000|100%| S|CS|TAMS 0x00000005db800000, 0x00000005db800000| Complete 
| 221|0x00000005dba00000, 0x00000005dbc00000, 0x00000005dbc00000|100%| S|CS|TAMS 0x00000005dba00000, 0x00000005dba00000| Complete 
| 222|0x00000005dbc00000, 0x00000005dbe00000, 0x00000005dbe00000|100%| S|CS|TAMS 0x00000005dbc00000, 0x00000005dbc00000| Complete 
| 223|0x00000005dbe00000, 0x00000005dc000000, 0x00000005dc000000|100%| S|CS|TAMS 0x00000005dbe00000, 0x00000005dbe00000| Complete 
| 224|0x00000005dc000000, 0x00000005dc000000, 0x00000005dc200000|  0%| F|  |TAMS 0x00000005dc000000, 0x00000005dc000000| Untracked 
| 225|0x00000005dc200000, 0x00000005dc200000, 0x00000005dc400000|  0%| F|  |TAMS 0x00000005dc200000, 0x00000005dc200000| Untracked 
| 226|0x00000005dc400000, 0x00000005dc400000, 0x00000005dc600000|  0%| F|  |TAMS 0x00000005dc400000, 0x00000005dc400000| Untracked 
| 227|0x00000005dc600000, 0x00000005dc600000, 0x00000005dc800000|  0%| F|  |TAMS 0x00000005dc600000, 0x00000005dc600000| Untracked 
| 228|0x00000005dc800000, 0x00000005dc800000, 0x00000005dca00000|  0%| F|  |TAMS 0x00000005dc800000, 0x00000005dc800000| Untracked 
| 229|0x00000005dca00000, 0x00000005dca00000, 0x00000005dcc00000|  0%| F|  |TAMS 0x00000005dca00000, 0x00000005dca00000| Untracked 
| 230|0x00000005dcc00000, 0x00000005dcc00000, 0x00000005dce00000|  0%| F|  |TAMS 0x00000005dcc00000, 0x00000005dcc00000| Untracked 
| 231|0x00000005dce00000, 0x00000005dce00000, 0x00000005dd000000|  0%| F|  |TAMS 0x00000005dce00000, 0x00000005dce00000| Untracked 
| 232|0x00000005dd000000, 0x00000005dd000000, 0x00000005dd200000|  0%| F|  |TAMS 0x00000005dd000000, 0x00000005dd000000| Untracked 
| 233|0x00000005dd200000, 0x00000005dd200000, 0x00000005dd400000|  0%| F|  |TAMS 0x00000005dd200000, 0x00000005dd200000| Untracked 
| 234|0x00000005dd400000, 0x00000005dd400000, 0x00000005dd600000|  0%| F|  |TAMS 0x00000005dd400000, 0x00000005dd400000| Untracked 
| 235|0x00000005dd600000, 0x00000005dd600000, 0x00000005dd800000|  0%| F|  |TAMS 0x00000005dd600000, 0x00000005dd600000| Untracked 
| 236|0x00000005dd800000, 0x00000005dd800000, 0x00000005dda00000|  0%| F|  |TAMS 0x00000005dd800000, 0x00000005dd800000| Untracked 
| 237|0x00000005dda00000, 0x00000005dda00000, 0x00000005ddc00000|  0%| F|  |TAMS 0x00000005dda00000, 0x00000005dda00000| Untracked 
| 238|0x00000005ddc00000, 0x00000005ddc00000, 0x00000005dde00000|  0%| F|  |TAMS 0x00000005ddc00000, 0x00000005ddc00000| Untracked 
| 239|0x00000005dde00000, 0x00000005dde00000, 0x00000005de000000|  0%| F|  |TAMS 0x00000005dde00000, 0x00000005dde00000| Untracked 
| 240|0x00000005de000000, 0x00000005de000000, 0x00000005de200000|  0%| F|  |TAMS 0x00000005de000000, 0x00000005de000000| Untracked 
| 241|0x00000005de200000, 0x00000005de200000, 0x00000005de400000|  0%| F|  |TAMS 0x00000005de200000, 0x00000005de200000| Untracked 
| 242|0x00000005de400000, 0x00000005de400000, 0x00000005de600000|  0%| F|  |TAMS 0x00000005de400000, 0x00000005de400000| Untracked 
| 243|0x00000005de600000, 0x00000005de600000, 0x00000005de800000|  0%| F|  |TAMS 0x00000005de600000, 0x00000005de600000| Untracked 
| 244|0x00000005de800000, 0x00000005de800000, 0x00000005dea00000|  0%| F|  |TAMS 0x00000005de800000, 0x00000005de800000| Untracked 
| 245|0x00000005dea00000, 0x00000005dea00000, 0x00000005dec00000|  0%| F|  |TAMS 0x00000005dea00000, 0x00000005dea00000| Untracked 
| 246|0x00000005dec00000, 0x00000005dec00000, 0x00000005dee00000|  0%| F|  |TAMS 0x00000005dec00000, 0x00000005dec00000| Untracked 
| 247|0x00000005dee00000, 0x00000005dee00000, 0x00000005df000000|  0%| F|  |TAMS 0x00000005dee00000, 0x00000005dee00000| Untracked 
| 248|0x00000005df000000, 0x00000005df000000, 0x00000005df200000|  0%| F|  |TAMS 0x00000005df000000, 0x00000005df000000| Untracked 
| 249|0x00000005df200000, 0x00000005df200000, 0x00000005df400000|  0%| F|  |TAMS 0x00000005df200000, 0x00000005df200000| Untracked 
| 250|0x00000005df400000, 0x00000005df400000, 0x00000005df600000|  0%| F|  |TAMS 0x00000005df400000, 0x00000005df400000| Untracked 
| 251|0x00000005df600000, 0x00000005df600000, 0x00000005df800000|  0%| F|  |TAMS 0x00000005df600000, 0x00000005df600000| Untracked 
| 252|0x00000005df800000, 0x00000005df800000, 0x00000005dfa00000|  0%| F|  |TAMS 0x00000005df800000, 0x00000005df800000| Untracked 
| 253|0x00000005dfa00000, 0x00000005dfa00000, 0x00000005dfc00000|  0%| F|  |TAMS 0x00000005dfa00000, 0x00000005dfa00000| Untracked 
| 254|0x00000005dfc00000, 0x00000005dfc00000, 0x00000005dfe00000|  0%| F|  |TAMS 0x00000005dfc00000, 0x00000005dfc00000| Untracked 
| 255|0x00000005dfe00000, 0x00000005dfe00000, 0x00000005e0000000|  0%| F|  |TAMS 0x00000005dfe00000, 0x00000005dfe00000| Untracked 
| 256|0x00000005e0000000, 0x00000005e0000000, 0x00000005e0200000|  0%| F|  |TAMS 0x00000005e0000000, 0x00000005e0000000| Untracked 
| 257|0x00000005e0200000, 0x00000005e0200000, 0x00000005e0400000|  0%| F|  |TAMS 0x00000005e0200000, 0x00000005e0200000| Untracked 
| 258|0x00000005e0400000, 0x00000005e0400000, 0x00000005e0600000|  0%| F|  |TAMS 0x00000005e0400000, 0x00000005e0400000| Untracked 
| 259|0x00000005e0600000, 0x00000005e0600000, 0x00000005e0800000|  0%| F|  |TAMS 0x00000005e0600000, 0x00000005e0600000| Untracked 
| 260|0x00000005e0800000, 0x00000005e0800000, 0x00000005e0a00000|  0%| F|  |TAMS 0x00000005e0800000, 0x00000005e0800000| Untracked 
| 261|0x00000005e0a00000, 0x00000005e0a00000, 0x00000005e0c00000|  0%| F|  |TAMS 0x00000005e0a00000, 0x00000005e0a00000| Untracked 
| 262|0x00000005e0c00000, 0x00000005e0c00000, 0x00000005e0e00000|  0%| F|  |TAMS 0x00000005e0c00000, 0x00000005e0c00000| Untracked 
| 263|0x00000005e0e00000, 0x00000005e0e00000, 0x00000005e1000000|  0%| F|  |TAMS 0x00000005e0e00000, 0x00000005e0e00000| Untracked 
| 264|0x00000005e1000000, 0x00000005e1000000, 0x00000005e1200000|  0%| F|  |TAMS 0x00000005e1000000, 0x00000005e1000000| Untracked 
| 265|0x00000005e1200000, 0x00000005e1200000, 0x00000005e1400000|  0%| F|  |TAMS 0x00000005e1200000, 0x00000005e1200000| Untracked 
| 266|0x00000005e1400000, 0x00000005e1400000, 0x00000005e1600000|  0%| F|  |TAMS 0x00000005e1400000, 0x00000005e1400000| Untracked 
| 267|0x00000005e1600000, 0x00000005e1600000, 0x00000005e1800000|  0%| F|  |TAMS 0x00000005e1600000, 0x00000005e1600000| Untracked 
| 268|0x00000005e1800000, 0x00000005e1800000, 0x00000005e1a00000|  0%| F|  |TAMS 0x00000005e1800000, 0x00000005e1800000| Untracked 
| 269|0x00000005e1a00000, 0x00000005e1a00000, 0x00000005e1c00000|  0%| F|  |TAMS 0x00000005e1a00000, 0x00000005e1a00000| Untracked 
| 270|0x00000005e1c00000, 0x00000005e1c00000, 0x00000005e1e00000|  0%| F|  |TAMS 0x00000005e1c00000, 0x00000005e1c00000| Untracked 
| 271|0x00000005e1e00000, 0x00000005e1e00000, 0x00000005e2000000|  0%| F|  |TAMS 0x00000005e1e00000, 0x00000005e1e00000| Untracked 
| 272|0x00000005e2000000, 0x00000005e2000000, 0x00000005e2200000|  0%| F|  |TAMS 0x00000005e2000000, 0x00000005e2000000| Untracked 
| 273|0x00000005e2200000, 0x00000005e2200000, 0x00000005e2400000|  0%| F|  |TAMS 0x00000005e2200000, 0x00000005e2200000| Untracked 
| 274|0x00000005e2400000, 0x00000005e2400000, 0x00000005e2600000|  0%| F|  |TAMS 0x00000005e2400000, 0x00000005e2400000| Untracked 
| 275|0x00000005e2600000, 0x00000005e2600000, 0x00000005e2800000|  0%| F|  |TAMS 0x00000005e2600000, 0x00000005e2600000| Untracked 
| 276|0x00000005e2800000, 0x00000005e2800000, 0x00000005e2a00000|  0%| F|  |TAMS 0x00000005e2800000, 0x00000005e2800000| Untracked 
| 277|0x00000005e2a00000, 0x00000005e2a00000, 0x00000005e2c00000|  0%| F|  |TAMS 0x00000005e2a00000, 0x00000005e2a00000| Untracked 
| 278|0x00000005e2c00000, 0x00000005e2c00000, 0x00000005e2e00000|  0%| F|  |TAMS 0x00000005e2c00000, 0x00000005e2c00000| Untracked 
| 279|0x00000005e2e00000, 0x00000005e2e00000, 0x00000005e3000000|  0%| F|  |TAMS 0x00000005e2e00000, 0x00000005e2e00000| Untracked 
| 280|0x00000005e3000000, 0x00000005e3000000, 0x00000005e3200000|  0%| F|  |TAMS 0x00000005e3000000, 0x00000005e3000000| Untracked 
| 281|0x00000005e3200000, 0x00000005e3200000, 0x00000005e3400000|  0%| F|  |TAMS 0x00000005e3200000, 0x00000005e3200000| Untracked 
| 282|0x00000005e3400000, 0x00000005e3400000, 0x00000005e3600000|  0%| F|  |TAMS 0x00000005e3400000, 0x00000005e3400000| Untracked 
| 283|0x00000005e3600000, 0x00000005e3600000, 0x00000005e3800000|  0%| F|  |TAMS 0x00000005e3600000, 0x00000005e3600000| Untracked 
| 284|0x00000005e3800000, 0x00000005e3800000, 0x00000005e3a00000|  0%| F|  |TAMS 0x00000005e3800000, 0x00000005e3800000| Untracked 
| 285|0x00000005e3a00000, 0x00000005e3a00800, 0x00000005e3c00000|  0%| E|  |TAMS 0x00000005e3a00000, 0x00000005e3a00000| Complete 
| 286|0x00000005e3c00000, 0x00000005e3e00000, 0x00000005e3e00000|100%| E|CS|TAMS 0x00000005e3c00000, 0x00000005e3c00000| Complete 
| 287|0x00000005e3e00000, 0x00000005e4000000, 0x00000005e4000000|100%| E|CS|TAMS 0x00000005e3e00000, 0x00000005e3e00000| Complete 

Card table byte_map: [0x000000012f0b4000,0x00000001302b4000] _byte_map_base: 0x000000012c2b4000

Marking Bits (Prev, Next): (CMBitMap*) 0x00007faeb582b050, (CMBitMap*) 0x00007faeb582b018
 Prev Bits: [0x000000013a4b4000, 0x00000001434b4000)
 Next Bits: [0x00000001314b4000, 0x000000013a4b4000)

Polling page: 0x00000001049f2000

Metaspace:

Usage:
  Non-class:     21.49 MB capacity,    21.10 MB ( 98%) used,   324.90 KB (  1%) free+waste,    73.12 KB ( <1%) overhead. 
      Class:      2.99 MB capacity,     2.72 MB ( 91%) used,   237.91 KB (  8%) free+waste,    37.25 KB (  1%) overhead. 
       Both:     24.48 MB capacity,    23.83 MB ( 97%) used,   562.81 KB (  2%) free+waste,   110.38 KB ( <1%) overhead. 

Virtual space:
  Non-class space:       22.00 MB reserved,      21.75 MB ( 99%) committed 
      Class space:        1.00 GB reserved,       3.00 MB ( <1%) committed 
             Both:        1.02 GB reserved,      24.75 MB (  2%) committed 

Chunk freelists:
   Non-Class:  55.00 KB
       Class:  7.00 KB
        Both:  62.00 KB

CodeHeap 'non-profiled nmethods': size=120032Kb used=2758Kb max_used=2758Kb free=117273Kb
 bounds [0x000000012697c000, 0x0000000126c3c000, 0x000000012deb4000]
CodeHeap 'profiled nmethods': size=120028Kb used=8951Kb max_used=8951Kb free=111076Kb
 bounds [0x000000011f445000, 0x000000011fd25000, 0x000000012697c000]
CodeHeap 'non-nmethods': size=5700Kb used=1291Kb max_used=1331Kb free=4409Kb
 bounds [0x000000011eeb4000, 0x000000011f124000, 0x000000011f445000]
 total_blobs=6368 nmethods=4014 adapters=624
 compilation: enabled
              stopped_count=0, restarted_count=0
 full_count=0

Compilation events (10 events):
Event: 8667.238 Thread 0x00007faeb486e800 4383       4       sun.lwawt.macosx.NSEvent::<init> (68 bytes)
Event: 8667.239 Thread 0x00007faeb486e800 nmethod 4383 0x0000000126c2d010 code [0x0000000126c2d1a0, 0x0000000126c2d238]
Event: 8667.315 Thread 0x00007faeb486e800 4384   !   4       javax.swing.TimerQueue::sharedInstance (44 bytes)
Event: 8667.317 Thread 0x00007faeb486e800 nmethod 4384 0x0000000126c2d290 code [0x0000000126c2d460, 0x0000000126c2d828]
Event: 8667.570 Thread 0x00007faeb486f000 4385       3       javax.swing.JComponent::scrollRectToVisible (128 bytes)
Event: 8667.571 Thread 0x00007faeb486f000 nmethod 4385 0x000000011f692190 code [0x000000011f6923c0, 0x000000011f693088]
Event: 8667.571 Thread 0x00007faeb486f000 4386  s    3       java.util.Hashtable::remove (133 bytes)
Event: 8667.571 Thread 0x00007faeb486f000 nmethod 4386 0x000000011f81fa90 code [0x000000011f81fca0, 0x000000011f820618]
Event: 8667.574 Thread 0x00007faeb486f000 4387       3       java.lang.ref.ReferenceQueue::remove (6 bytes)
Event: 8667.574 Thread 0x00007faeb486f000 nmethod 4387 0x000000011f480c90 code [0x000000011f480e40, 0x000000011f481068]

GC Heap History (10 events):
Event: 2.164 GC heap before
{Heap before GC invocations=0 (full 0):
 garbage-first heap   total 589824K, used 28672K [0x00000005c0000000, 0x0000000800000000)
  region size 2048K, 15 young (30720K), 0 survivors (0K)
 Metaspace       used 18782K, capacity 19237K, committed 19456K, reserved 1067008K
  class space    used 2316K, capacity 2552K, committed 2560K, reserved 1048576K
}
Event: 2.192 GC heap after
{Heap after GC invocations=1 (full 0):
 garbage-first heap   total 589824K, used 10939K [0x00000005c0000000, 0x0000000800000000)
  region size 2048K, 2 young (4096K), 2 survivors (4096K)
 Metaspace       used 18782K, capacity 19237K, committed 19456K, reserved 1067008K
  class space    used 2316K, capacity 2552K, committed 2560K, reserved 1048576K
}
Event: 2.659 GC heap before
{Heap before GC invocations=1 (full 0):
 garbage-first heap   total 589824K, used 27323K [0x00000005c0000000, 0x0000000800000000)
  region size 2048K, 11 young (22528K), 2 survivors (4096K)
 Metaspace       used 20617K, capacity 21098K, committed 21248K, reserved 1067008K
  class space    used 2491K, capacity 2745K, committed 2816K, reserved 1048576K
}
Event: 2.676 GC heap after
{Heap after GC invocations=2 (full 0):
 garbage-first heap   total 589824K, used 14905K [0x00000005c0000000, 0x0000000800000000)
  region size 2048K, 2 young (4096K), 2 survivors (4096K)
 Metaspace       used 20617K, capacity 21098K, committed 21248K, reserved 1067008K
  class space    used 2491K, capacity 2745K, committed 2816K, reserved 1048576K
}
Event: 15.926 GC heap before
{Heap before GC invocations=3 (full 0):
 garbage-first heap   total 589824K, used 49721K [0x00000005c0000000, 0x0000000800000000)
  region size 2048K, 20 young (40960K), 2 survivors (4096K)
 Metaspace       used 23480K, capacity 24119K, committed 24320K, reserved 1071104K
  class space    used 2741K, capacity 3028K, committed 3072K, reserved 1048576K
}
Event: 15.934 GC heap after
{Heap after GC invocations=4 (full 0):
 garbage-first heap   total 589824K, used 28515K [0x00000005c0000000, 0x0000000800000000)
  region size 2048K, 3 young (6144K), 3 survivors (6144K)
 Metaspace       used 23480K, capacity 24119K, committed 24320K, reserved 1071104K
  class space    used 2741K, capacity 3028K, committed 3072K, reserved 1048576K
}
Event: 48.699 GC heap before
{Heap before GC invocations=4 (full 0):
 garbage-first heap   total 589824K, used 77667K [0x00000005c0000000, 0x0000000800000000)
  region size 2048K, 28 young (57344K), 3 survivors (6144K)
 Metaspace       used 23845K, capacity 24508K, committed 24832K, reserved 1071104K
  class space    used 2744K, capacity 3028K, committed 3072K, reserved 1048576K
}
Event: 48.705 GC heap after
{Heap after GC invocations=5 (full 0):
 garbage-first heap   total 589824K, used 31930K [0x00000005c0000000, 0x0000000800000000)
  region size 2048K, 4 young (8192K), 4 survivors (8192K)
 Metaspace       used 23845K, capacity 24508K, committed 24832K, reserved 1071104K
  class space    used 2744K, capacity 3028K, committed 3072K, reserved 1048576K
}
Event: 8667.556 GC heap before
{Heap before GC invocations=5 (full 0):
 garbage-first heap   total 589824K, used 251066K [0x00000005c0000000, 0x0000000800000000)
  region size 2048K, 64 young (131072K), 4 survivors (8192K)
 Metaspace       used 24394K, capacity 25070K, committed 25344K, reserved 1071104K
  class space    used 2789K, capacity 3065K, committed 3072K, reserved 1048576K
}
Event: 8667.567 GC heap after
{Heap after GC invocations=6 (full 0):
 garbage-first heap   total 589824K, used 137608K [0x00000005c0000000, 0x0000000800000000)
  region size 2048K, 8 young (16384K), 8 survivors (16384K)
 Metaspace       used 24394K, capacity 25070K, committed 25344K, reserved 1071104K
  class space    used 2789K, capacity 3065K, committed 3072K, reserved 1048576K
}

Deoptimization events (10 events):
Event: 8491.812 Thread 0x00007faeb4a07000 Uncommon trap: reason=unstable_if action=reinterpret pc=0x0000000126bb6154 method=javax.swing.Timer$DoPostEvent.run()V @ 31 c2
Event: 8491.848 Thread 0x00007faeb4a07000 Uncommon trap: reason=unstable_if action=reinterpret pc=0x0000000126ae21f0 method=javax.swing.SwingUtilities.getWindowAncestor(Ljava/awt/Component;)Ljava/awt/Window; @ 6 c2
Event: 8492.027 Thread 0x00007faeb4a07000 Uncommon trap: reason=unstable_if action=reinterpret pc=0x0000000126b339f4 method=javax.swing.table.DefaultTableCellRenderer.setValue(Ljava/lang/Object;)V @ 2 c2
Event: 8500.449 Thread 0x00007faeb4a07000 Uncommon trap: reason=unstable_if action=reinterpret pc=0x0000000126a15bd8 method=java.lang.invoke.InvokerBytecodeGenerator.loadInsnOpcode(Ljava/lang/invoke/LambdaForm$BasicType;)I @ 8 c2
Event: 8500.453 Thread 0x00007faeb4a07000 Uncommon trap: reason=unstable_if action=reinterpret pc=0x0000000126a1744c method=java.lang.invoke.InvokerBytecodeGenerator.loadInsnOpcode(Ljava/lang/invoke/LambdaForm$BasicType;)I @ 8 c2
Event: 8500.455 Thread 0x00007faeb4a07000 Uncommon trap: reason=speculate_class_check action=maybe_recompile pc=0x0000000126abc1ac method=java.awt.Component.reshape(IIII)V @ 222 c2
Event: 8500.467 Thread 0x00007faeb4a07000 Uncommon trap: reason=unstable_if action=reinterpret pc=0x0000000126c07698 method=java.awt.Component.areInputMethodsEnabled()Z @ 23 c2
Event: 8667.416 Thread 0x00007faeb4a07000 Uncommon trap: reason=unstable_if action=reinterpret pc=0x0000000126ba54f4 method=java.awt.EventQueue.eventToCacheIndex(Ljava/awt/AWTEvent;)I @ 4 c2
Event: 8667.419 Thread 0x00007faeb4a07000 Uncommon trap: reason=unstable_if action=reinterpret pc=0x0000000126b3b758 method=java.awt.EventQueue.eventToCacheIndex(Ljava/awt/AWTEvent;)I @ 4 c2
Event: 8667.419 Thread 0x00007faeb4a07000 Uncommon trap: reason=class_check action=maybe_recompile pc=0x0000000126a545d0 method=java.awt.LightweightDispatcher.eventDispatched(Ljava/awt/AWTEvent;)V @ 70 c2

Classes redefined (0 events):
No events

Internal exceptions (10 events):
Event: 3.044 Thread 0x00007fae9387b800 Exception <a 'java/lang/NoSuchMethodError'{0x00000005e3b5e380}: java.lang.invoke.DirectMethodHandle$Holder.invokeStatic(Ljava/lang/Object;Ljava/lang/Object;Ljava/lang/Object;Ljava/lang/Object;Ljava/lang/Object;Ljava/lang/Object;Ljava/lang/Object;Ljava/lan
Event: 4.374 Thread 0x00007faeb4a07000 Exception <a 'java/lang/NoSuchMethodError'{0x00000005e371a510}: java.lang.invoke.DirectMethodHandle$Holder.invokeStatic(Ljava/lang/Object;Ljava/lang/Object;IIII)Ljava/lang/Object;> (0x00000005e371a510) thrown at [../../src/hotspot/share/interpreter/linkRe
Event: 4.374 Thread 0x00007faeb4a07000 Exception <a 'java/lang/NoSuchMethodError'{0x00000005e3721470}: java.lang.invoke.Invokers$Holder.linkToTargetMethod(Ljava/lang/Object;IIIILjava/lang/Object;)Ljava/lang/Object;> (0x00000005e3721470) thrown at [../../src/hotspot/share/interpreter/linkResolv
Event: 16.453 Thread 0x00007faeb4a07000 Exception <a 'java/io/FileNotFoundException'{0x00000005e3f94f90}> (0x00000005e3f94f90) thrown at [../../src/hotspot/share/prims/jni.cpp, line 615]
Event: 16.508 Thread 0x00007faeb4a07000 Exception <a 'java/io/FileNotFoundException'{0x00000005e3f957f0}> (0x00000005e3f957f0) thrown at [../../src/hotspot/share/prims/jni.cpp, line 615]
Event: 48.707 Thread 0x00007faeb4a07000 Implicit null exception at 0x0000000126aa5bca to 0x0000000126aa7cc2
Event: 800.309 Thread 0x00007faeb48ad000 Implicit null exception at 0x0000000126b48f35 to 0x0000000126b4affa
Event: 5781.288 Thread 0x00007faeb4a07000 Implicit null exception at 0x0000000126b8895f to 0x0000000126b8a7ea
Event: 8491.848 Thread 0x00007faeb5269000 Exception <a 'java/io/FileNotFoundException'{0x00000005de36f9a8}> (0x00000005de36f9a8) thrown at [../../src/hotspot/share/prims/jni.cpp, line 615]
Event: 8491.903 Thread 0x00007faeb5269000 Exception <a 'java/io/FileNotFoundException'{0x00000005de370048}> (0x00000005de370048) thrown at [../../src/hotspot/share/prims/jni.cpp, line 615]

Events (10 events):
Event: 8667.416 Thread 0x00007faeb4a07000 DEOPT PACKING pc=0x0000000126ba54f4 sp=0x000000030f2d97a0
Event: 8667.416 Thread 0x00007faeb4a07000 DEOPT UNPACKING pc=0x000000011eedbd9f sp=0x000000030f2d9638 mode 2
Event: 8667.419 Thread 0x00007faeb4a07000 Uncommon trap: trap_request=0xffffff4d fr.pc=0x0000000126b3b758 relative=0x0000000000000418
Event: 8667.419 Thread 0x00007faeb4a07000 DEOPT PACKING pc=0x0000000126b3b758 sp=0x000000030f2d9860
Event: 8667.419 Thread 0x00007faeb4a07000 DEOPT UNPACKING pc=0x000000011eedbd9f sp=0x000000030f2d9740 mode 2
Event: 8667.419 Thread 0x00007faeb4a07000 Uncommon trap: trap_request=0xffffffde fr.pc=0x0000000126a545d0 relative=0x0000000000000b90
Event: 8667.419 Thread 0x00007faeb4a07000 DEOPT PACKING pc=0x0000000126a545d0 sp=0x000000030f2d6810
Event: 8667.419 Thread 0x00007faeb4a07000 DEOPT UNPACKING pc=0x000000011eedbd9f sp=0x000000030f2d67b8 mode 2
Event: 8667.556 Executing VM operation: G1CollectForAllocation
Event: 8667.567 Executing VM operation: G1CollectForAllocation done


Dynamic libraries:
0x00007ff83171c000 	/System/Library/Frameworks/Cocoa.framework/Versions/A/Cocoa
0x00007ff819586000 	/System/Library/Frameworks/AppKit.framework/Versions/C/AppKit
0x00007ff81c8ee000 	/System/Library/Frameworks/CoreData.framework/Versions/A/CoreData
0x00007ff816eb2000 	/System/Library/Frameworks/Foundation.framework/Versions/C/Foundation
0x00007ff823849000 	/usr/lib/libSystem.B.dylib
0x00007ff81a9b4000 	/System/Library/PrivateFrameworks/UIFoundation.framework/Versions/A/UIFoundation
0x00007ffb1f382000 	/System/Library/PrivateFrameworks/CollectionViewCore.framework/Versions/A/CollectionViewCore
0x00007ff82af03000 	/System/Library/PrivateFrameworks/RemoteViewServices.framework/Versions/A/RemoteViewServices
0x00007ff821166000 	/System/Library/PrivateFrameworks/XCTTargetBootstrap.framework/Versions/A/XCTTargetBootstrap
0x00007ff82631d000 	/System/Library/PrivateFrameworks/InternationalSupport.framework/Versions/A/InternationalSupport
0x00007ff826371000 	/System/Library/PrivateFrameworks/UserActivity.framework/Versions/A/UserActivity
0x00007ffc21261000 	/System/Library/PrivateFrameworks/WindowManagement.framework/Versions/A/WindowManagement
0x00007ff816b61000 	/System/Library/Frameworks/SystemConfiguration.framework/Versions/A/SystemConfiguration
0x00007ff825696000 	/usr/lib/libspindump.dylib
0x00007ff81ab91000 	/System/Library/Frameworks/UniformTypeIdentifiers.framework/Versions/A/UniformTypeIdentifiers
0x00007ff81f155000 	/usr/lib/libapp_launch_measurement.dylib
0x00007ff81de39000 	/System/Library/PrivateFrameworks/CoreAnalytics.framework/Versions/A/CoreAnalytics
0x00007ff81f158000 	/System/Library/PrivateFrameworks/CoreAutoLayout.framework/Versions/A/CoreAutoLayout
0x00007ff8209d2000 	/System/Library/Frameworks/Metal.framework/Versions/A/Metal
0x00007ff821971000 	/usr/lib/liblangid.dylib
0x00007ff82116b000 	/System/Library/PrivateFrameworks/CoreSVG.framework/Versions/A/CoreSVG
0x00007ff81b553000 	/System/Library/PrivateFrameworks/SkyLight.framework/Versions/A/SkyLight
0x00007ff81b9b4000 	/System/Library/Frameworks/CoreGraphics.framework/Versions/A/CoreGraphics
0x00007ff82b5cf000 	/System/Library/Frameworks/Accelerate.framework/Versions/A/Accelerate
0x00007ff8254f7000 	/System/Library/PrivateFrameworks/IconServices.framework/Versions/A/IconServices
0x00007ff8209b3000 	/System/Library/Frameworks/IOSurface.framework/Versions/A/IOSurface
0x00007ff81de65000 	/usr/lib/libDiagnosticMessagesClient.dylib
0x00007ff823761000 	/usr/lib/libz.1.dylib
0x00007ff82eff7000 	/System/Library/Frameworks/ApplicationServices.framework/Versions/A/ApplicationServices
0x00007ff821153000 	/System/Library/PrivateFrameworks/DFRFoundation.framework/Versions/A/DFRFoundation
0x00007ff818e34000 	/usr/lib/libicucore.A.dylib
0x00007ff8272be000 	/System/Library/Frameworks/AudioToolbox.framework/Versions/A/AudioToolbox
0x00007ff82632c000 	/System/Library/PrivateFrameworks/DataDetectorsCore.framework/Versions/A/DataDetectorsCore
0x00007ff9207cf000 	/System/Library/PrivateFrameworks/TextInput.framework/Versions/A/TextInput
0x00007ff81b4ac000 	/usr/lib/libMobileGestalt.dylib
0x00007ff820eb8000 	/System/Library/Frameworks/Carbon.framework/Versions/A/Frameworks/HIToolbox.framework/Versions/A/HIToolbox
0x00007ff81eab1000 	/System/Library/Frameworks/QuartzCore.framework/Versions/A/QuartzCore
0x00007ff818a86000 	/System/Library/Frameworks/Security.framework/Versions/A/Security
0x00007ff82af3b000 	/System/Library/Frameworks/Carbon.framework/Versions/A/Frameworks/SpeechRecognition.framework/Versions/A/SpeechRecognition
0x00007ff81ee88000 	/System/Library/PrivateFrameworks/CoreUI.framework/Versions/A/CoreUI
0x00007ff818361000 	/System/Library/Frameworks/CoreAudio.framework/Versions/A/CoreAudio
0x00007ff81df45000 	/System/Library/Frameworks/DiskArbitration.framework/Versions/A/DiskArbitration
0x00007ff825ac6000 	/System/Library/PrivateFrameworks/MultitouchSupport.framework/Versions/A/MultitouchSupport
0x00007ff81b4ab000 	/usr/lib/libenergytrace.dylib
0x00007ff9160a4000 	/System/Library/PrivateFrameworks/RenderBox.framework/Versions/A/RenderBox
0x00007ff81945d000 	/System/Library/Frameworks/IOKit.framework/Versions/A/IOKit
0x00007ff82b30e000 	/System/Library/Frameworks/CoreServices.framework/Versions/A/CoreServices
0x00007ff81f0ed000 	/System/Library/PrivateFrameworks/PerformanceAnalysis.framework/Versions/A/PerformanceAnalysis
0x00007ffa2f4a8000 	/System/Library/Frameworks/OpenGL.framework/Versions/A/OpenGL
0x00007ff81f1a1000 	/usr/lib/libxml2.2.dylib
0x00007ff822a34000 	/System/Library/PrivateFrameworks/MobileKeyBag.framework/Versions/A/MobileKeyBag
0x00007ff815b4c000 	/usr/lib/libobjc.A.dylib
0x00007ff815e4e000 	/usr/lib/libc++.1.dylib
0x00007ff82b28a000 	/System/Library/Frameworks/Accessibility.framework/Versions/A/Accessibility
0x00007ff81c248000 	/System/Library/Frameworks/ColorSync.framework/Versions/A/ColorSync
0x00007ff815f81000 	/System/Library/Frameworks/CoreFoundation.framework/Versions/A/CoreFoundation
0x00007ff8214de000 	/System/Library/Frameworks/CoreImage.framework/Versions/A/CoreImage
0x00007ff81815a000 	/System/Library/Frameworks/CoreText.framework/Versions/A/CoreText
0x00007ffa356ba000 	/System/Library/Frameworks/CoreTransferable.framework/Versions/A/CoreTransferable
0x00007ffa35abf000 	/System/Library/Frameworks/DeveloperToolsSupport.framework/Versions/A/DeveloperToolsSupport
0x00007ff8211a4000 	/System/Library/Frameworks/ImageIO.framework/Versions/A/ImageIO
0x00007ffb19d44000 	/System/Library/Frameworks/Symbols.framework/Versions/A/Symbols
0x00007ff82384e000 	/System/Library/PrivateFrameworks/SoftLinking.framework/Versions/A/SoftLinking
0x00007ff826d2e000 	/usr/lib/swift/libswiftCore.dylib
0x00007ff91d3b3000 	/usr/lib/swift/libswiftCoreFoundation.dylib
0x00007ff91b040000 	/usr/lib/swift/libswiftCoreGraphics.dylib
0x00007ff91d3f1000 	/usr/lib/swift/libswiftCoreImage.dylib
0x00007ff91b047000 	/usr/lib/swift/libswiftDarwin.dylib
0x00007ff82cc71000 	/usr/lib/swift/libswiftDispatch.dylib
0x00007ff91d3f2000 	/usr/lib/swift/libswiftIOKit.dylib
0x00007ff9293e1000 	/usr/lib/swift/libswiftMetal.dylib
0x00007ffa16b3b000 	/usr/lib/swift/libswiftOSLog.dylib
0x00007ff82f462000 	/usr/lib/swift/libswiftObjectiveC.dylib
0x00007ff92d972000 	/usr/lib/swift/libswiftQuartzCore.dylib
0x00007ff931a5d000 	/usr/lib/swift/libswiftUniformTypeIdentifiers.dylib
0x00007ff91d3c3000 	/usr/lib/swift/libswiftXPC.dylib
0x00007ffc2992b000 	/usr/lib/swift/libswift_Concurrency.dylib
0x00007ff82f466000 	/usr/lib/swift/libswiftos.dylib
0x00007ff920731000 	/usr/lib/swift/libswiftsimd.dylib
0x00007ff8239e7000 	/usr/lib/libcompression.dylib
0x00007ff82625d000 	/System/Library/PrivateFrameworks/TextureIO.framework/Versions/A/TextureIO
0x00007ff825102000 	/usr/lib/libate.dylib
0x00007ff823843000 	/usr/lib/system/libcache.dylib
0x00007ff8237ff000 	/usr/lib/system/libcommonCrypto.dylib
0x00007ff823827000 	/usr/lib/system/libcompiler_rt.dylib
0x00007ff82381c000 	/usr/lib/system/libcopyfile.dylib
0x00007ff815c85000 	/usr/lib/system/libcorecrypto.dylib
0x00007ff815d7c000 	/usr/lib/system/libdispatch.dylib
0x00007ff815f26000 	/usr/lib/system/libdyld.dylib
0x00007ff823839000 	/usr/lib/system/libkeymgr.dylib
0x00007ff8237e0000 	/usr/lib/system/libmacho.dylib
0x00007ff822b0f000 	/usr/lib/system/libquarantine.dylib
0x00007ff823837000 	/usr/lib/system/libremovefile.dylib
0x00007ff81b51e000 	/usr/lib/system/libsystem_asl.dylib
0x00007ff815c1f000 	/usr/lib/system/libsystem_blocks.dylib
0x00007ff815dc6000 	/usr/lib/system/libsystem_c.dylib
0x00007ff82382f000 	/usr/lib/system/libsystem_collections.dylib
0x00007ff821961000 	/usr/lib/system/libsystem_configuration.dylib
0x00007ff82098a000 	/usr/lib/system/libsystem_containermanager.dylib
0x00007ff823431000 	/usr/lib/system/libsystem_coreservices.dylib
0x00007ff8190d5000 	/usr/lib/system/libsystem_darwin.dylib
0x00007ffc29c59000 	/usr/lib/system/libsystem_darwindirectory.dylib
0x00007ff82383a000 	/usr/lib/system/libsystem_dnssd.dylib
0x00007ffc29c5d000 	/usr/lib/system/libsystem_eligibility.dylib
0x00007ff815dc3000 	/usr/lib/system/libsystem_featureflags.dylib
0x00007ff815f56000 	/usr/lib/system/libsystem_info.dylib
0x00007ff823775000 	/usr/lib/system/libsystem_m.dylib
0x00007ff815d3c000 	/usr/lib/system/libsystem_malloc.dylib
0x00007ff81b492000 	/usr/lib/system/libsystem_networkextension.dylib
0x00007ff819521000 	/usr/lib/system/libsystem_notify.dylib
0x00007ff821965000 	/usr/lib/system/libsystem_sandbox.dylib
0x00007ffc29c60000 	/usr/lib/system/libsystem_sanitizers.dylib
0x00007ff823834000 	/usr/lib/system/libsystem_secinit.dylib
0x00007ff815edf000 	/usr/lib/system/libsystem_kernel.dylib
0x00007ff815f4b000 	/usr/lib/system/libsystem_platform.dylib
0x00007ff815f1a000 	/usr/lib/system/libsystem_pthread.dylib
0x00007ff81d18e000 	/usr/lib/system/libsystem_symptoms.dylib
0x00007ff815c6b000 	/usr/lib/system/libsystem_trace.dylib
0x00007ff82380b000 	/usr/lib/system/libunwind.dylib
0x00007ff815c23000 	/usr/lib/system/libxpc.dylib
0x00007ff815ec9000 	/usr/lib/libc++abi.dylib
0x00007ff823814000 	/usr/lib/liboah.dylib
0x00007ff824e88000 	/usr/lib/liblzma.5.dylib
0x00007ff82384b000 	/usr/lib/libfakelink.dylib
0x00007ff81b0e2000 	/System/Library/Frameworks/CFNetwork.framework/Versions/A/CFNetwork
0x00007ff82389d000 	/usr/lib/libarchive.2.dylib
0x00007ff829187000 	/System/Library/Frameworks/Combine.framework/Versions/A/Combine
0x00007ffb1f397000 	/System/Library/PrivateFrameworks/CollectionsInternal.framework/Versions/A/CollectionsInternal
0x00007ffb345bf000 	/System/Library/PrivateFrameworks/ReflectionInternal.framework/Versions/A/ReflectionInternal
0x00007ffb34b38000 	/System/Library/PrivateFrameworks/RuntimeInternal.framework/Versions/A/RuntimeInternal
0x00007ffc29a66000 	/usr/lib/swift/libswift_StringProcessing.dylib
0x00007ff8193db000 	/System/Library/PrivateFrameworks/CoreServicesInternal.framework/Versions/A/CoreServicesInternal
0x00007ff822b34000 	/usr/lib/libbsm.0.dylib
0x00007ff8237e6000 	/usr/lib/system/libkxld.dylib
0x00007ff81f120000 	/System/Library/Frameworks/CoreServices.framework/Versions/A/Frameworks/FSEvents.framework/Versions/A/FSEvents
0x00007ff8190e0000 	/System/Library/Frameworks/CoreServices.framework/Versions/A/Frameworks/CarbonCore.framework/Versions/A/CarbonCore
0x00007ff81dead000 	/System/Library/Frameworks/CoreServices.framework/Versions/A/Frameworks/Metadata.framework/Versions/A/Metadata
0x00007ff823437000 	/System/Library/Frameworks/CoreServices.framework/Versions/A/Frameworks/OSServices.framework/Versions/A/OSServices
0x00007ff823926000 	/System/Library/Frameworks/CoreServices.framework/Versions/A/Frameworks/SearchKit.framework/Versions/A/SearchKit
0x00007ff81d114000 	/System/Library/Frameworks/CoreServices.framework/Versions/A/Frameworks/AE.framework/Versions/A/AE
0x00007ff81641b000 	/System/Library/Frameworks/CoreServices.framework/Versions/A/Frameworks/LaunchServices.framework/Versions/A/LaunchServices
0x00007ff824e39000 	/System/Library/Frameworks/CoreServices.framework/Versions/A/Frameworks/DictionaryServices.framework/Versions/A/DictionaryServices
0x00007ff81f12d000 	/System/Library/Frameworks/CoreServices.framework/Versions/A/Frameworks/SharedFileList.framework/Versions/A/SharedFileList
0x00007ff8239b1000 	/usr/lib/libapple_nghttp2.dylib
0x00007ff81cd89000 	/usr/lib/libsqlite3.dylib
0x00007ff81d196000 	/System/Library/Frameworks/Network.framework/Versions/A/Network
0x00007ffc282db000 	/usr/lib/libCoreEntitlements.dylib
0x00007ffb2fdc2000 	/System/Library/PrivateFrameworks/MessageSecurity.framework/Versions/A/MessageSecurity
0x00007ff81cd70000 	/System/Library/PrivateFrameworks/ProtocolBuffer.framework/Versions/A/ProtocolBuffer
0x00007ff823354000 	/System/Library/PrivateFrameworks/AppleFSCompression.framework/Versions/A/AppleFSCompression
0x00007ff822b1c000 	/usr/lib/libcoretls.dylib
0x00007ff824ea7000 	/usr/lib/libcoretls_cfhelpers.dylib
0x00007ff8239e1000 	/usr/lib/libpam.2.dylib
0x00007ff824f20000 	/usr/lib/libxar.1.dylib
0x00007ff8254d0000 	/usr/lib/libheimdal-asn1.dylib
0x00007ff81b0e1000 	/usr/lib/libnetwork.dylib
0x00007ff82384f000 	/usr/lib/libpcap.A.dylib
0x00007ff81d184000 	/usr/lib/libdns_services.dylib
0x00007ff82196c000 	/System/Library/PrivateFrameworks/AppleSystemInfo.framework/Versions/A/AppleSystemInfo
0x00007ff822835000 	/System/Library/PrivateFrameworks/IOMobileFramebuffer.framework/Versions/A/IOMobileFramebuffer
0x00007ffc299b8000 	/usr/lib/swift/libswift_RegexParser.dylib
0x00007ff823422000 	/usr/lib/libbz2.1.0.dylib
0x00007ff822b12000 	/usr/lib/libCheckFix.dylib
0x00007ff81b535000 	/System/Library/PrivateFrameworks/TCC.framework/Versions/A/TCC
0x00007ff821973000 	/System/Library/PrivateFrameworks/CoreNLP.framework/Versions/A/CoreNLP
0x00007ff81de67000 	/System/Library/PrivateFrameworks/MetadataUtilities.framework/Versions/A/MetadataUtilities
0x00007ff822b44000 	/usr/lib/libmecab.dylib
0x00007ff816be8000 	/usr/lib/libCRFSuite.dylib
0x00007ff822b9d000 	/usr/lib/libgermantok.dylib
0x00007ff82398c000 	/usr/lib/libThaiTokenizer.dylib
0x00007ff81df4d000 	/System/Library/Frameworks/Accelerate.framework/Versions/A/Frameworks/vImage.framework/Versions/A/vImage
0x00007ff82b2e4000 	/System/Library/Frameworks/Accelerate.framework/Versions/A/Frameworks/vecLib.framework/Versions/A/vecLib
0x00007ff824f62000 	/System/Library/Frameworks/Accelerate.framework/Versions/A/Frameworks/vecLib.framework/Versions/A/libvMisc.dylib
0x00007ff822605000 	/System/Library/Frameworks/Accelerate.framework/Versions/A/Frameworks/vecLib.framework/Versions/A/libvDSP.dylib
0x00007ff816828000 	/System/Library/Frameworks/Accelerate.framework/Versions/A/Frameworks/vecLib.framework/Versions/A/libBLAS.dylib
0x00007ff823ac9000 	/System/Library/Frameworks/Accelerate.framework/Versions/A/Frameworks/vecLib.framework/Versions/A/libLAPACK.dylib
0x00007ff822ba0000 	/System/Library/Frameworks/Accelerate.framework/Versions/A/Frameworks/vecLib.framework/Versions/A/libLinearAlgebra.dylib
0x00007ff8239cc000 	/System/Library/Frameworks/Accelerate.framework/Versions/A/Frameworks/vecLib.framework/Versions/A/libSparseBLAS.dylib
0x00007ff823ac3000 	/System/Library/Frameworks/Accelerate.framework/Versions/A/Frameworks/vecLib.framework/Versions/A/libQuadrature.dylib
0x00007ff821a89000 	/System/Library/Frameworks/Accelerate.framework/Versions/A/Frameworks/vecLib.framework/Versions/A/libBNNS.dylib
0x00007ff816ae9000 	/System/Library/Frameworks/Accelerate.framework/Versions/A/Frameworks/vecLib.framework/Versions/A/libSparse.dylib
0x00007ffb2e667000 	/System/Library/PrivateFrameworks/MIL.framework/Versions/A/MIL
0x00007ff823885000 	/usr/lib/libiconv.2.dylib
0x00007ff8237df000 	/usr/lib/libcharset.1.dylib
0x00007ff81f104000 	/System/Library/Frameworks/OpenDirectory.framework/Versions/A/Frameworks/CFOpenDirectory.framework/Versions/A/CFOpenDirectory
0x00007ff81f0f8000 	/System/Library/Frameworks/OpenDirectory.framework/Versions/A/OpenDirectory
0x00007ff824ea9000 	/System/Library/PrivateFrameworks/APFS.framework/Versions/A/APFS
0x00007ff822a57000 	/System/Library/Frameworks/SecurityFoundation.framework/Versions/A/SecurityFoundation
0x00007ff824f2e000 	/usr/lib/libutil.dylib
0x00007ffb2ca95000 	/System/Library/PrivateFrameworks/InstalledContentLibrary.framework/Versions/A/InstalledContentLibrary
0x00007ff81941d000 	/System/Library/PrivateFrameworks/CoreServicesStore.framework/Versions/A/CoreServicesStore
0x00007ffb1cfb1000 	/System/Library/PrivateFrameworks/AppleMobileFileIntegrity.framework/Versions/A/AppleMobileFileIntegrity
0x00007ff91d385000 	/usr/lib/libmis.dylib
0x00007ff92de4e000 	/System/Library/PrivateFrameworks/MobileSystemServices.framework/Versions/A/MobileSystemServices
0x00007ffa2b17b000 	/System/Library/PrivateFrameworks/ConfigProfileHelper.framework/Versions/A/ConfigProfileHelper
0x00007ff82398e000 	/System/Library/PrivateFrameworks/AppleSauce.framework/Versions/A/AppleSauce
0x00007ff817ae9000 	/System/Library/PrivateFrameworks/LanguageModeling.framework/Versions/A/LanguageModeling
0x00007ff824f32000 	/usr/lib/libxslt.1.dylib
0x00007ff82388c000 	/usr/lib/libcmph.dylib
0x00007ff822803000 	/System/Library/PrivateFrameworks/CoreEmoji.framework/Versions/A/CoreEmoji
0x00007ff821a83000 	/System/Library/PrivateFrameworks/LinguisticData.framework/Versions/A/LinguisticData
0x00007ff816a00000 	/System/Library/PrivateFrameworks/Lexicon.framework/Versions/A/Lexicon
0x00007ff822ae0000 	/System/Library/PrivateFrameworks/BackgroundTaskManagement.framework/Versions/A/BackgroundTaskManagement
0x00007ffc2844a000 	/usr/lib/libTLE.dylib
0x00007ff825990000 	/System/Library/PrivateFrameworks/AppleJPEG.framework/Versions/A/AppleJPEG
0x00007ff8254b5000 	/usr/lib/libexpat.1.dylib
0x00007ff8260b8000 	/System/Library/Frameworks/ImageIO.framework/Versions/A/Resources/libPng.dylib
0x00007ff8260e5000 	/System/Library/Frameworks/ImageIO.framework/Versions/A/Resources/libTIFF.dylib
0x00007ff8261d7000 	/System/Library/Frameworks/ImageIO.framework/Versions/A/Resources/libGIF.dylib
0x00007ff8259dc000 	/System/Library/Frameworks/ImageIO.framework/Versions/A/Resources/libJP2.dylib
0x00007ff826177000 	/System/Library/Frameworks/ImageIO.framework/Versions/A/Resources/libJPEG.dylib
0x00007ff82616e000 	/System/Library/Frameworks/ImageIO.framework/Versions/A/Resources/libRadiance.dylib
0x00007ff820d58000 	/System/Library/PrivateFrameworks/FontServices.framework/libFontParser.dylib
0x00007ff81d0b1000 	/System/Library/PrivateFrameworks/RunningBoardServices.framework/Versions/A/RunningBoardServices
0x00007ff831ee8000 	/System/Library/PrivateFrameworks/IOSurfaceAccelerator.framework/Versions/A/IOSurfaceAccelerator
0x00007ff825ac4000 	/System/Library/PrivateFrameworks/WatchdogClient.framework/Versions/A/WatchdogClient
0x00007ff817cb6000 	/System/Library/Frameworks/CoreDisplay.framework/Versions/A/CoreDisplay
0x00007ff820c27000 	/System/Library/Frameworks/CoreMedia.framework/Versions/A/CoreMedia
0x00007ff8209c9000 	/System/Library/PrivateFrameworks/IOAccelerator.framework/Versions/A/IOAccelerator
0x00007ff81f281000 	/System/Library/Frameworks/CoreVideo.framework/Versions/A/CoreVideo
0x00007ff8239df000 	/System/Library/Frameworks/MetalPerformanceShaders.framework/Versions/A/MetalPerformanceShaders
0x00007ff825b03000 	/System/Library/Frameworks/VideoToolbox.framework/Versions/A/VideoToolbox
0x00007ff81f30e000 	/System/Library/PrivateFrameworks/UserManagement.framework/Versions/A/UserManagement
0x00007ff81cfda000 	/System/Library/PrivateFrameworks/BaseBoard.framework/Versions/A/BaseBoard
0x00007ff82196b000 	/System/Library/PrivateFrameworks/AggregateDictionary.framework/Versions/A/AggregateDictionary
0x00007ffb1cdae000 	/System/Library/PrivateFrameworks/AppleKeyStore.framework/Versions/A/AppleKeyStore
0x00007ff826167000 	/System/Library/PrivateFrameworks/GPUWrangler.framework/Versions/A/GPUWrangler
0x00007ff82614b000 	/System/Library/PrivateFrameworks/IOPresentment.framework/Versions/A/IOPresentment
0x00007ff826171000 	/System/Library/PrivateFrameworks/DSExternalDisplay.framework/Versions/A/DSExternalDisplay
0x00007ffb28ac6000 	/System/Library/PrivateFrameworks/GPUCompiler.framework/Versions/32023/Libraries/libllvm-flatbuffers.dylib
0x00007ffa2f49c000 	/System/Library/Frameworks/OpenGL.framework/Versions/A/Libraries/libCoreFSCache.dylib
0x00007ffb25c4e000 	/System/Library/PrivateFrameworks/GPUCompiler.framework/Versions/32023/Libraries/libGPUCompilerUtils.dylib
0x00007ff8261dd000 	/System/Library/PrivateFrameworks/CMCaptureCore.framework/Versions/A/CMCaptureCore
0x00007ffb15c3d000 	/System/Library/Frameworks/ExtensionFoundation.framework/Versions/A/ExtensionFoundation
0x00007ff82d4c1000 	/System/Library/PrivateFrameworks/CoreTime.framework/Versions/A/CoreTime
0x00007ff82567f000 	/System/Library/PrivateFrameworks/AppServerSupport.framework/Versions/A/AppServerSupport
0x00007ff827c17000 	/System/Library/PrivateFrameworks/perfdata.framework/Versions/A/perfdata
0x00007ff817de4000 	/System/Library/PrivateFrameworks/AudioToolboxCore.framework/Versions/A/AudioToolboxCore
0x00007ff820c01000 	/System/Library/PrivateFrameworks/caulk.framework/Versions/A/caulk
0x00007ff8274af000 	/usr/lib/libAudioStatistics.dylib
0x00007ff91c72a000 	/System/Library/PrivateFrameworks/SystemPolicy.framework/Versions/A/SystemPolicy
0x00007ff827771000 	/usr/lib/libSMC.dylib
0x00007ff831579000 	/System/Library/Frameworks/CoreMIDI.framework/Versions/A/CoreMIDI
0x00007ff82607f000 	/usr/lib/libAudioToolboxUtility.dylib
0x00007ff917d20000 	/System/Library/PrivateFrameworks/OSAServicesClient.framework/Versions/A/OSAServicesClient
0x00007ff827c25000 	/usr/lib/libperfcheck.dylib
0x00007ff82cf6d000 	/System/Library/PrivateFrameworks/BoardServices.framework/Versions/A/BoardServices
0x00007ff825395000 	/System/Library/PrivateFrameworks/PlugInKit.framework/Versions/A/PlugInKit
0x00007ff822a4a000 	/System/Library/PrivateFrameworks/AssertionServices.framework/Versions/A/AssertionServices
0x00007ffa19e9c000 	/System/Library/PrivateFrameworks/Symbolication.framework/Versions/A/Symbolication
0x00007ffb3356a000 	/System/Library/PrivateFrameworks/PhotosensitivityProcessing.framework/Versions/A/PhotosensitivityProcessing
0x00007ffa3017b000 	/System/Library/Frameworks/OpenCL.framework/Versions/A/OpenCL
0x00007ff82562a000 	/System/Library/PrivateFrameworks/GraphVisualizer.framework/Versions/A/GraphVisualizer
0x00007ffa2f4f9000 	/System/Library/Frameworks/OpenGL.framework/Versions/A/Libraries/libGLU.dylib
0x00007ffa2f4bb000 	/System/Library/Frameworks/OpenGL.framework/Versions/A/Libraries/libGFXShared.dylib
0x00007ffa2f6b7000 	/System/Library/Frameworks/OpenGL.framework/Versions/A/Libraries/libGL.dylib
0x00007ffa2f4c3000 	/System/Library/Frameworks/OpenGL.framework/Versions/A/Libraries/libGLImage.dylib
0x00007ffa2f4b8000 	/System/Library/Frameworks/OpenGL.framework/Versions/A/Libraries/libCVMSPluginSupport.dylib
0x00007ffc28406000 	/usr/lib/libRosetta.dylib
0x00007ffa2f4a3000 	/System/Library/Frameworks/OpenGL.framework/Versions/A/Libraries/libCoreVMClient.dylib
0x00007ffb23fb1000 	/System/Library/PrivateFrameworks/FontServices.framework/Versions/A/FontServices
0x00007ff825639000 	/System/Library/PrivateFrameworks/OTSVG.framework/Versions/A/OTSVG
0x00007ff81ee3c000 	/System/Library/Frameworks/ApplicationServices.framework/Versions/A/Frameworks/ATS.framework/Versions/A/Resources/libFontRegistry.dylib
0x00007ff82568a000 	/System/Library/PrivateFrameworks/FontServices.framework/libhvf.dylib
0x00007ffb23fb2000 	/System/Library/PrivateFrameworks/FontServices.framework/libXTFontStaticRegistryData.dylib
0x00007ff8218aa000 	/System/Library/Frameworks/MetalPerformanceShaders.framework/Versions/A/Frameworks/MPSCore.framework/Versions/A/MPSCore
0x00007ff8232ae000 	/System/Library/Frameworks/MetalPerformanceShaders.framework/Versions/A/Frameworks/MPSImage.framework/Versions/A/MPSImage
0x00007ff822bb6000 	/System/Library/Frameworks/MetalPerformanceShaders.framework/Versions/A/Frameworks/MPSNeuralNetwork.framework/Versions/A/MPSNeuralNetwork
0x00007ff823125000 	/System/Library/Frameworks/MetalPerformanceShaders.framework/Versions/A/Frameworks/MPSMatrix.framework/Versions/A/MPSMatrix
0x00007ff822ed7000 	/System/Library/Frameworks/MetalPerformanceShaders.framework/Versions/A/Frameworks/MPSRayIntersector.framework/Versions/A/MPSRayIntersector
0x00007ff823164000 	/System/Library/Frameworks/MetalPerformanceShaders.framework/Versions/A/Frameworks/MPSNDArray.framework/Versions/A/MPSNDArray
0x00007ffb172c7000 	/System/Library/Frameworks/MetalPerformanceShaders.framework/Versions/A/Frameworks/MPSFunctions.framework/Versions/A/MPSFunctions
0x00007ffb172aa000 	/System/Library/Frameworks/MetalPerformanceShaders.framework/Versions/A/Frameworks/MPSBenchmarkLoop.framework/Versions/A/MPSBenchmarkLoop
0x00007ff8166d8000 	/System/Library/PrivateFrameworks/MetalTools.framework/Versions/A/MetalTools
0x00007ff921a7f000 	/System/Library/PrivateFrameworks/IOAccelMemoryInfo.framework/Versions/A/IOAccelMemoryInfo
0x00007ff92dd4e000 	/System/Library/PrivateFrameworks/kperf.framework/Versions/A/kperf
0x00007ff91d3a7000 	/System/Library/PrivateFrameworks/GPURawCounter.framework/Versions/A/GPURawCounter
0x00007ff82d396000 	/System/Library/PrivateFrameworks/CoreSymbolication.framework/Versions/A/CoreSymbolication
0x00007ff91d357000 	/System/Library/PrivateFrameworks/MallocStackLogging.framework/Versions/A/MallocStackLogging
0x00007ff82523a000 	/System/Library/PrivateFrameworks/CrashReporterSupport.framework/Versions/A/CrashReporterSupport
0x00007ff82d357000 	/System/Library/PrivateFrameworks/DebugSymbols.framework/Versions/A/DebugSymbols
0x00007ff92c76e000 	/System/Library/PrivateFrameworks/OSAnalytics.framework/Versions/A/OSAnalytics
0x00007ffc1f781000 	/System/Library/PrivateFrameworks/VideoToolboxParavirtualizationSupport.framework/Versions/A/VideoToolboxParavirtualizationSupport
0x00007ff825467000 	/System/Library/PrivateFrameworks/AppleVA.framework/Versions/A/AppleVA
0x00007ff8274ef000 	/System/Library/Frameworks/ApplicationServices.framework/Versions/A/Frameworks/ATS.framework/Versions/A/ATS
0x00007ff81c3f4000 	/System/Library/Frameworks/ApplicationServices.framework/Versions/A/Frameworks/HIServices.framework/Versions/A/HIServices
0x00007ff8261eb000 	/System/Library/Frameworks/ApplicationServices.framework/Versions/A/Frameworks/PrintCore.framework/Versions/A/PrintCore
0x00007ff8278c5000 	/System/Library/Frameworks/ApplicationServices.framework/Versions/A/Frameworks/QD.framework/Versions/A/QD
0x00007ff8278be000 	/System/Library/Frameworks/ApplicationServices.framework/Versions/A/Frameworks/ColorSyncLegacy.framework/Versions/A/ColorSyncLegacy
0x00007ff8274c5000 	/System/Library/Frameworks/ApplicationServices.framework/Versions/A/Frameworks/SpeechSynthesis.framework/Versions/A/SpeechSynthesis
0x00007ff8261a7000 	/System/Library/Frameworks/ApplicationServices.framework/Versions/A/Frameworks/ATSUI.framework/Versions/A/ATSUI
0x00007ff827850000 	/usr/lib/libcups.2.dylib
0x00007ff827c34000 	/System/Library/Frameworks/Kerberos.framework/Versions/A/Kerberos
0x00007ff827c43000 	/System/Library/Frameworks/GSS.framework/Versions/A/GSS
0x00007ff827568000 	/usr/lib/libresolv.9.dylib
0x00007ff82569c000 	/System/Library/PrivateFrameworks/Heimdal.framework/Versions/A/Heimdal
0x00007ff82f3d4000 	/System/Library/Frameworks/Kerberos.framework/Versions/A/Libraries/libHeimdalProxy.dylib
0x00007ff827c90000 	/System/Library/PrivateFrameworks/CommonAuth.framework/Versions/A/CommonAuth
0x00007ffa34af5000 	/System/Library/Frameworks/AVFAudio.framework/Versions/A/AVFAudio
0x00007ff917d67000 	/System/Library/PrivateFrameworks/AXCoreUtilities.framework/Versions/A/AXCoreUtilities
0x00007ffb2de29000 	/System/Library/PrivateFrameworks/IsolatedCoreAudioClient.framework/Versions/A/IsolatedCoreAudioClient
0x00007ff827436000 	/System/Library/PrivateFrameworks/AudioSession.framework/Versions/A/AudioSession
0x00007ff828f4d000 	/System/Library/Frameworks/IOBluetooth.framework/Versions/A/IOBluetooth
0x00007ff825575000 	/System/Library/PrivateFrameworks/MediaExperience.framework/Versions/A/MediaExperience
0x00007ff827289000 	/System/Library/PrivateFrameworks/AudioSession.framework/libSessionUtility.dylib
0x00007ff8278d0000 	/System/Library/PrivateFrameworks/AudioResourceArbitration.framework/Versions/A/AudioResourceArbitration
0x00007ff82c004000 	/System/Library/PrivateFrameworks/PowerLog.framework/Versions/A/PowerLog
0x00007ff82bf21000 	/System/Library/Frameworks/CoreBluetooth.framework/Versions/A/CoreBluetooth
0x00007ff82f3d5000 	/System/Library/Frameworks/AudioUnit.framework/Versions/A/AudioUnit
0x00007ff8228bd000 	/System/Library/PrivateFrameworks/CoreUtils.framework/Versions/A/CoreUtils
0x00007ffb225b6000 	/System/Library/PrivateFrameworks/CoreUtilsExtras.framework/Versions/A/CoreUtilsExtras
0x00007ffb2c92a000 	/System/Library/PrivateFrameworks/IO80211.framework/Versions/A/IO80211
0x00007ff82ceaf000 	/System/Library/PrivateFrameworks/FrontBoardServices.framework/Versions/A/FrontBoardServices
0x00007ff82e9be000 	/System/Library/PrivateFrameworks/BackBoardServices.framework/Versions/A/BackBoardServices
0x00007ff8254d9000 	/System/Library/PrivateFrameworks/IconFoundation.framework/Versions/A/IconFoundation
0x00007ff82af2b000 	/System/Library/PrivateFrameworks/SpeechRecognitionCore.framework/Versions/A/SpeechRecognitionCore
0x00007ff917d80000 	/usr/lib/libAccessibility.dylib
0x00007ff82b618000 	/System/Library/Frameworks/MediaAccessibility.framework/Versions/A/MediaAccessibility
0x00007ffa1d807000 	/System/Library/Frameworks/OSLog.framework/Versions/A/OSLog
0x00007ff91d2e2000 	/System/Library/PrivateFrameworks/LoggingSupport.framework/Versions/A/LoggingSupport
0x00000001146fd000 	/Library/Java/JavaVirtualMachines/adoptopenjdk-11.jdk/Contents/Home/lib/server/libjvm.dylib
0x00007ff91d290000 	/usr/lib/libstdc++.6.dylib
0x000000010cf17000 	/Library/Java/JavaVirtualMachines/adoptopenjdk-11.jdk/Contents/Home/lib/libverify.dylib
0x000000010cfb3000 	/Library/Java/JavaVirtualMachines/adoptopenjdk-11.jdk/Contents/Home/lib/libjava.dylib
0x000000010cf8d000 	/Library/Java/JavaVirtualMachines/adoptopenjdk-11.jdk/Contents/Home/lib/libzip.dylib
0x000000010d01f000 	/Library/Java/JavaVirtualMachines/adoptopenjdk-11.jdk/Contents/Home/lib/libjimage.dylib
0x000000010d5ff000 	/Library/Java/JavaVirtualMachines/adoptopenjdk-11.jdk/Contents/Home/lib/libnio.dylib
0x000000010d625000 	/Library/Java/JavaVirtualMachines/adoptopenjdk-11.jdk/Contents/Home/lib/libnet.dylib
0x0000000114000000 	/Library/Java/JavaVirtualMachines/adoptopenjdk-11.jdk/Contents/Home/lib/libawt.dylib
0x0000000114141000 	/Library/Java/JavaVirtualMachines/adoptopenjdk-11.jdk/Contents/Home/lib/libmlib_image.dylib
0x00007ffb1676d000 	/System/Library/Frameworks/JavaNativeFoundation.framework/Versions/A/JavaNativeFoundation
0x00007ffb16776000 	/System/Library/Frameworks/JavaRuntimeSupport.framework/Versions/A/JavaRuntimeSupport
0x00007ff91c0cf000 	/System/Library/Frameworks/Carbon.framework/Versions/A/Carbon
0x00007ff83366a000 	/System/Library/Frameworks/Carbon.framework/Versions/A/Frameworks/CommonPanels.framework/Versions/A/CommonPanels
0x00007ff82eceb000 	/System/Library/Frameworks/Carbon.framework/Versions/A/Frameworks/Help.framework/Versions/A/Help
0x00007ff83366e000 	/System/Library/Frameworks/Carbon.framework/Versions/A/Frameworks/ImageCapture.framework/Versions/A/ImageCapture
0x00007ff83364b000 	/System/Library/Frameworks/Carbon.framework/Versions/A/Frameworks/OpenScripting.framework/Versions/A/OpenScripting
0x00007ff833669000 	/System/Library/Frameworks/Carbon.framework/Versions/A/Frameworks/Ink.framework/Versions/A/Ink
0x00007ff833666000 	/System/Library/Frameworks/Carbon.framework/Versions/A/Frameworks/SecurityHI.framework/Versions/A/SecurityHI
0x0000000114209000 	/Library/Java/JavaVirtualMachines/adoptopenjdk-11.jdk/Contents/Home/lib/libawt_lwawt.dylib
0x000000010d6f1000 	/Library/Java/JavaVirtualMachines/adoptopenjdk-11.jdk/Contents/Home/lib/libosxapp.dylib
0x00007ff91b0ae000 	/System/Library/Frameworks/ExceptionHandling.framework/Versions/A/ExceptionHandling
0x000000011440c000 	/Library/Java/JavaVirtualMachines/adoptopenjdk-11.jdk/Contents/Home/lib/libfontmanager.dylib
0x0000000114544000 	/Library/Java/JavaVirtualMachines/adoptopenjdk-11.jdk/Contents/Home/lib/libfreetype.dylib
0x00007ff82c5e6000 	/System/Library/Frameworks/FileProvider.framework/Versions/A/FileProvider
0x00007ff81cf42000 	/System/Library/Frameworks/Accounts.framework/Versions/A/Accounts
0x00007ff82c79a000 	/System/Library/PrivateFrameworks/GenerationalStorage.framework/Versions/A/GenerationalStorage
0x00007ff82bff9000 	/System/Library/PrivateFrameworks/SymptomDiagnosticReporter.framework/Versions/A/SymptomDiagnosticReporter
0x00007ff81aba7000 	/System/Library/PrivateFrameworks/DesktopServicesPriv.framework/Versions/A/DesktopServicesPriv
0x00007ff819531000 	/usr/lib/libsandbox.1.dylib
0x00007ff8278b3000 	/System/Library/PrivateFrameworks/NetAuth.framework/Versions/A/NetAuth
0x00007ff828bf9000 	/System/Library/PrivateFrameworks/Sharing.framework/Versions/A/Sharing
0x00007ff81f2d3000 	/System/Library/PrivateFrameworks/login.framework/Versions/A/Frameworks/loginsupport.framework/Versions/A/loginsupport
0x00007ff82e810000 	/System/Library/PrivateFrameworks/Apple80211.framework/Versions/A/Apple80211
0x00007ff823464000 	/System/Library/PrivateFrameworks/AuthKit.framework/Versions/A/AuthKit
0x00007ff82e811000 	/System/Library/PrivateFrameworks/CoreWiFi.framework/Versions/A/CoreWiFi
0x00007ff822844000 	/System/Library/Frameworks/CoreWLAN.framework/Versions/A/CoreWLAN
0x00007ff91d3aa000 	/usr/lib/swift/libswiftCoreAudio.dylib
0x00007ff922854000 	/usr/lib/swift/libswiftCoreLocation.dylib
0x00007ff825231000 	/usr/lib/libIOReport.dylib
0x00007ffa24365000 	/System/Library/PrivateFrameworks/WiFiPeerToPeer.framework/Versions/A/WiFiPeerToPeer
0x00007ff823611000 	/System/Library/Frameworks/UserNotifications.framework/Versions/A/UserNotifications
0x00007ff827dcf000 	/System/Library/PrivateFrameworks/CorePhoneNumbers.framework/Versions/A/CorePhoneNumbers
0x00007ff827594000 	/System/Library/PrivateFrameworks/MultiverseSupport.framework/Versions/A/MultiverseSupport
0x00007ff82ec3e000 	/System/Library/PrivateFrameworks/RemoteServiceDiscovery.framework/Versions/A/RemoteServiceDiscovery
0x00007ff82c113000 	/System/Library/PrivateFrameworks/DiskManagement.framework/Versions/A/DiskManagement
0x00007ff82c02c000 	/System/Library/PrivateFrameworks/AppleIDAuthSupport.framework/Versions/A/AppleIDAuthSupport
0x00007ffb1adef000 	/System/Library/PrivateFrameworks/AAAFoundation.framework/Versions/A/AAAFoundation
0x00007ff827da3000 	/System/Library/PrivateFrameworks/KeychainCircle.framework/Versions/A/KeychainCircle
0x00007ff82ec4f000 	/System/Library/PrivateFrameworks/RemoteXPC.framework/Versions/A/RemoteXPC
0x00007ff82ecf3000 	/usr/lib/libcsfde.dylib
0x00007ff8253df000 	/usr/lib/libCoreStorage.dylib
0x00007ff82c0e0000 	/System/Library/PrivateFrameworks/MediaKit.framework/Versions/A/MediaKit
0x00007ff82c038000 	/System/Library/Frameworks/DiscRecording.framework/Versions/A/DiscRecording
0x00007ff829022000 	/System/Library/PrivateFrameworks/ProtectedCloudStorage.framework/Versions/A/ProtectedCloudStorage
0x00007ff82ecef000 	/System/Library/PrivateFrameworks/EFILogin.framework/Versions/A/EFILogin
0x00007ff82c7c2000 	/System/Library/PrivateFrameworks/OctagonTrust.framework/Versions/A/OctagonTrust
0x00007ff820876000 	/System/Library/Frameworks/CoreLocation.framework/Versions/A/CoreLocation
0x00007ff82927e000 	/System/Library/PrivateFrameworks/GeoServices.framework/Versions/A/GeoServices
0x00007ff827255000 	/System/Library/PrivateFrameworks/LocationSupport.framework/Versions/A/LocationSupport
0x00007ffb296ba000 	/System/Library/PrivateFrameworks/GeoServicesCore.framework/Versions/A/GeoServicesCore
0x00007ff917d5e000 	/System/Library/PrivateFrameworks/PhoneNumbers.framework/Versions/A/PhoneNumbers
0x00007ff8253d7000 	/usr/lib/libMatch.1.dylib
0x00007ff925f56000 	/System/Library/CoreServices/RawCamera.bundle/Contents/MacOS/RawCamera
0x00007ff827ca0000 	/System/Library/PrivateFrameworks/MobileAsset.framework/Versions/A/MobileAsset
0x00007ffb1cb20000 	/System/Library/PrivateFrameworks/AppleJPEGXL.framework/Versions/A/AppleJPEGXL
0x00007ff9231b8000 	/System/Library/PrivateFrameworks/SoftwareUpdateCoreSupport.framework/Versions/A/SoftwareUpdateCoreSupport
0x00007ff92a85b000 	/System/Library/PrivateFrameworks/SoftwareUpdateCoreConnect.framework/Versions/A/SoftwareUpdateCoreConnect
0x00007ff82f3f4000 	/System/Library/PrivateFrameworks/StreamingZip.framework/Versions/A/StreamingZip
0x00007ff922e4b000 	/System/Library/PrivateFrameworks/MSUDataAccessor.framework/Versions/A/MSUDataAccessor
0x00007ff91ef03000 	/usr/lib/libbootpolicy.dylib
0x00007ff931c3e000 	/usr/lib/libpartition2_dynamic.dylib
0x00007ffb1e44d000 	/System/Library/PrivateFrameworks/CMPhoto.framework/Versions/A/CMPhoto
0x00007ff82d22b000 	/System/Library/PrivateFrameworks/AppleVPA.framework/Versions/A/AppleVPA
0x00007ff8263dd000 	/System/Library/Frameworks/MediaToolbox.framework/Versions/A/MediaToolbox
0x00007ff82c5b8000 	/System/Library/PrivateFrameworks/CoreAVCHD.framework/Versions/A/CoreAVCHD
0x00007ff82c5b4000 	/System/Library/PrivateFrameworks/Mangrove.framework/Versions/A/Mangrove
0x00007ff82cb4f000 	/System/Library/Frameworks/CoreTelephony.framework/Versions/A/CoreTelephony
0x00007ff82c1f9000 	/System/Library/PrivateFrameworks/CoreAUC.framework/Versions/A/CoreAUC
0x00007ff827dd8000 	/usr/lib/libTelephonyUtilDynamic.dylib
0x00007ff922837000 	/System/Library/Frameworks/Accelerate.framework/Versions/A/Frameworks/vImage.framework/Versions/A/Libraries/libCGInterfaces.dylib
0x0000000149b85000 	/usr/lib/libobjc-trampolines.dylib
0x00007ffc2818b000 	/usr/lib/libAccessibilityBaseImplementations.dylib
0x00007ff825752000 	/System/Library/PrivateFrameworks/login.framework/Versions/A/login
0x00007ff82d07f000 	/System/Library/Frameworks/LocalAuthentication.framework/Versions/A/LocalAuthentication
0x00007ffb2e52d000 	/System/Library/PrivateFrameworks/LocalAuthenticationCore.framework/Versions/A/LocalAuthenticationCore
0x00007ff82d0c4000 	/System/Library/Frameworks/LocalAuthentication.framework/Support/SharedUtils.framework/Versions/A/SharedUtils
0x00007ff82d01d000 	/System/Library/Frameworks/CryptoTokenKit.framework/Versions/A/CryptoTokenKit
0x00007ff81efe8000 	/System/Library/PrivateFrameworks/ViewBridge.framework/Versions/A/ViewBridge
0x000000014ad41000 	/Library/Java/JavaVirtualMachines/adoptopenjdk-11.jdk/Contents/Home/lib/libosxui.dylib
0x00007ffb1b794000 	/System/Library/PrivateFrameworks/AccessibilityBundles.framework/Versions/A/AccessibilityBundles
0x00007ffa2f6c2000 	/System/Library/Frameworks/OpenGL.framework/Versions/A/Resources/GLEngine.bundle/GLEngine
0x00007ffa2f536000 	/System/Library/Frameworks/OpenGL.framework/Versions/A/Libraries/libGLProgrammability.dylib
0x000000014b0f3000 	/System/Library/Extensions/AppleMetalOpenGLRenderer.bundle/Contents/MacOS/AppleMetalOpenGLRenderer
0x00007ffa2f832000 	/System/Library/Frameworks/OpenGL.framework/Versions/A/Resources/GLRendererFloat.bundle/GLRendererFloat
0x00007ffa3402d000 	/System/Library/Extensions/AGXMetalG15X_B0.bundle/Contents/MacOS/AGXMetalG15X_B0
0x00007ff916cbd000 	/System/Library/PrivateFrameworks/IOGPU.framework/Versions/A/IOGPU
0x00007ff92e942000 	/System/Library/PrivateFrameworks/AccessibilitySupport.framework/Versions/A/Frameworks/AccessibilityFoundation.framework/Versions/A/AccessibilityFoundation
0x00007ffc1be74000 	/System/Library/PrivateFrameworks/TextInputUI.framework/Versions/A/TextInputUI
0x00007ffc1be7a000 	/System/Library/PrivateFrameworks/TextInputUIMacHelper.framework/Versions/A/TextInputUIMacHelper
0x00007ff81f67d000 	/System/Library/PrivateFrameworks/CloudDocs.framework/Versions/A/CloudDocs
0x00007ff82f0bb000 	/System/Library/PrivateFrameworks/AppleAccount.framework/Versions/A/AppleAccount
0x00007ff81f334000 	/System/Library/Frameworks/CloudKit.framework/Versions/A/CloudKit
0x00007ff829006000 	/System/Library/PrivateFrameworks/AppContainer.framework/Versions/A/AppContainer
0x00007ff8287d2000 	/System/Library/PrivateFrameworks/IDS.framework/Versions/A/IDS
0x00007ff81f2d6000 	/System/Library/PrivateFrameworks/ApplePushService.framework/Versions/A/ApplePushService
0x00007ff82ed84000 	/System/Library/PrivateFrameworks/AppSupport.framework/Versions/A/AppSupport
0x00007ff82f23a000 	/System/Library/PrivateFrameworks/AppleIDSSOAuthentication.framework/Versions/A/AppleIDSSOAuthentication
0x00007ff8271e0000 	/System/Library/PrivateFrameworks/IMFoundation.framework/Versions/A/IMFoundation
0x00007ff9174b6000 	/System/Library/PrivateFrameworks/Marco.framework/Versions/A/Marco
0x00007ff828970000 	/System/Library/PrivateFrameworks/IDSFoundation.framework/Versions/A/IDSFoundation
0x00007ff81cfc5000 	/System/Library/PrivateFrameworks/CommonUtilities.framework/Versions/A/CommonUtilities
0x00007ff91cf4e000 	/System/Library/PrivateFrameworks/FTServices.framework/Versions/A/FTServices
0x00007ff833634000 	/System/Library/PrivateFrameworks/Engram.framework/Versions/A/Engram
0x00007ff8335da000 	/usr/lib/libtidy.A.dylib
0x00007ff825918000 	/System/Library/PrivateFrameworks/Bom.framework/Versions/A/Bom
0x00007ff8275a1000 	/usr/lib/libParallelCompression.dylib
0x00007ffc2818f000 	/usr/lib/libAppleArchive.dylib
0x00007ff929b78000 	/System/Library/PrivateFrameworks/FTAWD.framework/Versions/A/FTAWD
0x00007ffb19a6c000 	/System/Library/Frameworks/SharedWithYouCore.framework/Versions/A/SharedWithYouCore
0x00007ffc282c8000 	/usr/lib/libBASupport.dylib
0x00007ff91c534000 	/System/Library/Frameworks/AVFoundation.framework/Versions/A/AVFoundation
0x00007ff82f498000 	/System/Library/PrivateFrameworks/C2.framework/Versions/A/C2
0x00007ff82f490000 	/System/Library/Frameworks/PushKit.framework/Versions/A/PushKit
0x00007ffa1fa5c000 	/System/Library/Frameworks/CryptoKit.framework/Versions/A/CryptoKit
0x00007ffa242e8000 	/System/Library/PrivateFrameworks/FeatureFlags.framework/Versions/A/FeatureFlags
0x00007ffa16ded000 	/usr/lib/swift/libswiftAVFoundation.dylib
0x00007ff922865000 	/usr/lib/swift/libswiftCoreMIDI.dylib
0x00007ff9353b7000 	/usr/lib/swift/libswiftCoreMedia.dylib
0x00007ff82cc88000 	/System/Library/PrivateFrameworks/AVFCore.framework/Versions/A/AVFCore
0x00007ff83530d000 	/System/Library/PrivateFrameworks/AVFCapture.framework/Versions/A/AVFCapture
0x00007ffb1e3de000 	/System/Library/PrivateFrameworks/CMImaging.framework/Versions/A/CMImaging
0x00007ff8354f8000 	/System/Library/PrivateFrameworks/Quagga.framework/Versions/A/Quagga
0x00007ff915b4c000 	/System/Library/PrivateFrameworks/CMCapture.framework/Versions/A/CMCapture
0x00007ff827670000 	/System/Library/Frameworks/CoreMediaIO.framework/Versions/A/CoreMediaIO
0x00007ff82f528000 	/System/Library/PrivateFrameworks/Espresso.framework/Versions/A/Espresso
0x00007ffa2b74d000 	/System/Library/PrivateFrameworks/ANECompiler.framework/Versions/A/ANECompiler
0x00007ff831421000 	/System/Library/PrivateFrameworks/AppleNeuralEngine.framework/Versions/A/AppleNeuralEngine
0x00007ffb172dc000 	/System/Library/Frameworks/MetalPerformanceShadersGraph.framework/Versions/A/MetalPerformanceShadersGraph
0x00007ffb2ed76000 	/System/Library/PrivateFrameworks/MLCompilerServices.framework/Versions/A/MLCompilerServices
0x00007ff8304f5000 	/System/Library/PrivateFrameworks/ANEServices.framework/Versions/A/ANEServices
0x00007ff921a4c000 	/usr/lib/libncurses.5.4.dylib
0x00007ffb2ed10000 	/System/Library/PrivateFrameworks/MLCompilerRuntime.framework/Versions/A/MLCompilerRuntime
0x00007ff8311ff000 	/System/Library/PrivateFrameworks/RTCReporting.framework/Versions/A/RTCReporting
0x00007ff82f3cf000 	/System/Library/PrivateFrameworks/CryptoKitCBridging.framework/Versions/A/CryptoKitCBridging
0x00007ff9353b5000 	/usr/lib/swift/libswiftCryptoTokenKit.dylib
0x00007ff82901e000 	/System/Library/PrivateFrameworks/SecCodeWrapper.framework/Versions/A/SecCodeWrapper


VM Arguments:
java_command: CPUEmulatorMain
java_class_path (initial): :bin/classes:bin/lib/Hack.jar:bin/lib/HackGUI.jar:bin/lib/Simulators.jar:bin/lib/SimulatorsGUI.jar:bin/lib/Compilers.jar
Launcher Type: SUN_STANDARD

[Global flags]
     intx CICompilerCount                          = 4                                         {product} {ergonomic}
     uint ConcGCThreads                            = 3                                         {product} {ergonomic}
     uint G1ConcRefinementThreads                  = 10                                        {product} {ergonomic}
   size_t G1HeapRegionSize                         = 2097152                                   {product} {ergonomic}
    uintx GCDrainStackTargetSize                   = 64                                        {product} {ergonomic}
   size_t InitialHeapSize                          = 603979776                                 {product} {ergonomic}
   size_t MarkStackSize                            = 4194304                                   {product} {ergonomic}
   size_t MaxHeapSize                              = 9663676416                                {product} {ergonomic}
   size_t MaxNewSize                               = 5796528128                                {product} {ergonomic}
   size_t MinHeapDeltaBytes                        = 2097152                                   {product} {ergonomic}
    uintx NonNMethodCodeHeapSize                   = 5835340                                {pd product} {ergonomic}
    uintx NonProfiledCodeHeapSize                  = 122911450                              {pd product} {ergonomic}
    uintx ProfiledCodeHeapSize                     = 122911450                              {pd product} {ergonomic}
    uintx ReservedCodeCacheSize                    = 251658240                              {pd product} {ergonomic}
     bool SegmentedCodeCache                       = true                                      {product} {ergonomic}
     bool UseCompressedClassPointers               = true                                 {lp64_product} {ergonomic}
     bool UseCompressedOops                        = true                                 {lp64_product} {ergonomic}
     bool UseG1GC                                  = true                                      {product} {ergonomic}

Logging:
Log output configuration:
 #0: stdout all=warning uptime,level,tags
 #1: stderr all=off uptime,level,tags

Environment Variables:
JAVA_HOME=/Library/Java/JavaVirtualMachines/adoptopenjdk-11.jdk/Contents/Home
PATH=/opt/homebrew/bin:/usr/local/bin:/System/Cryptexes/App/usr/bin:/usr/bin:/bin:/usr/sbin:/sbin:/var/run/com.apple.security.cryptexd/codex.system/bootstrap/usr/local/bin:/var/run/com.apple.security.cryptexd/codex.system/bootstrap/usr/bin:/var/run/com.apple.security.cryptexd/codex.system/bootstrap/usr/appleinternal/bin:/Applications/Little Snitch.app/Contents/Components:/opt/homebrew/bin
SHELL=/bin/zsh

Signal Handlers:
SIGSEGV: [libjvm.dylib+0x770f12], sa_mask[0]=11111111111111111111111111111111, sa_flags=SA_ONSTACK|SA_RESTART|SA_SIGINFO
SIGBUS: [libjvm.dylib+0x770f12], sa_mask[0]=11111111111111111111111111111111, sa_flags=SA_RESTART|SA_SIGINFO
SIGFPE: [libjvm.dylib+0x770f12], sa_mask[0]=11111111111111111111111111111111, sa_flags=SA_RESTART|SA_SIGINFO
SIGPIPE: [libjvm.dylib+0x60ddbe], sa_mask[0]=11111111111111111111111111111111, sa_flags=SA_RESTART|SA_SIGINFO
SIGXFSZ: [libjvm.dylib+0x60ddbe], sa_mask[0]=11111111111111111111111111111111, sa_flags=SA_RESTART|SA_SIGINFO
SIGILL: [libjvm.dylib+0x770f12], sa_mask[0]=11111111111111111111111111111111, sa_flags=SA_RESTART|SA_SIGINFO
SIGUSR2: [libjvm.dylib+0x60e3ae], sa_mask[0]=00000000000000000000000000000000, sa_flags=SA_RESTART|SA_SIGINFO
SIGHUP: [libjvm.dylib+0x60ce13], sa_mask[0]=11111111111111111111111111111111, sa_flags=SA_RESTART|SA_SIGINFO
SIGINT: SIG_IGN, sa_mask[0]=00000000000000000000000000000000, sa_flags=none
SIGTERM: [libjvm.dylib+0x60ce13], sa_mask[0]=11111111111111111111111111111111, sa_flags=SA_RESTART|SA_SIGINFO
SIGQUIT: [libjvm.dylib+0x60ce13], sa_mask[0]=11111111111111111111111111111111, sa_flags=SA_RESTART|SA_SIGINFO


---------------  S Y S T E M  ---------------

OS:uname:Darwin 23.4.0 Darwin Kernel Version 23.4.0: Wed Feb 21 21:44:54 PST 2024; root:xnu-10063.101.15~2/RELEASE_ARM64_T6030 x86_64
rlimit: STACK 8176k, CORE 0k, NPROC 6000, NOFILE 12544, AS infinity, DATA infinity, FSIZE infinity
load average:1.70 1.79 1.99

CPU:total 12 (initial active 12) (1 cores per cpu, 1 threads per core) family 6 model 44 stepping 0, cmov, cx8, fxsr, mmx, sse, sse2, sse3, ssse3, sse4.1, sse4.2, popcnt, aes, clmul, tsc, tscinvbit, tscinv

Memory: 4k page, physical 37748736k(57452k free)

vm_info: OpenJDK 64-Bit Server VM (11.0.3+7) for bsd-amd64 JRE (11.0.3+7), built on Apr 18 2019 04:31:22 by "jenkins" with gcc 4.2.1 Compatible Apple LLVM 7.0.2 (clang-700.1.81)

END.
